ES.CNPJ_BASICO;ES.CNPJ_ORDEM;ES.CNPJ_DV;ES.IDENT_MATRIZ_FILIAL;ES.NOME_FANTASIA;ES.SITUACAO_CADASTRAL;ES.DATA_SITUACAO_CADASTRAL;ES.MOTIVO_SITUACAO_CADASTRAL;ES.CIDADE_EXTERIOR;ES.PAIS,ES.DATA_INICIO_ATIVIDADE;ES.CNAE_PRINCIPAL;ES.CNAE_SECUNDARIA;ES.TIPO_LOGRADOURO;ES.LOGRADOURO;ES.NUMERO;ES.COMPLEMENTO;ES.BAIRRO;ES.CEP;ES.UF;ES.MUNICIPIO;ES.DDD1;ES.TELEFONE1;ES.DDD2;ES.TELEFONE2;ES.DDD_FAX;ES.FAX;ES.EMAIL;ES.SITUACAO_ESPECIAL;ES.DATA_SITUACAO_ESPECIAL;
04307088;0003;01;2;;08;19960602;01;;;19870603;4120400;4299501;RUA;CODAJAS;100;;CACHOEIRINHA;69079000;AM;0255;;;;;;;;;
20837886;0002;10;2;;04;20210330;63;;;19891213;4530701;;AVENIDA;CAIO MARTINS;1442;;CENTRO;35720000;MG;4821;;;;;;;;;
76263755;0004;93;2;;08;19890515;01;;;19880824;4120400;4299501;RUA;MENINO DEUS;9;;CENTRO;88020210;SC;8105;;;;;;;;;
38127940;0002;08;2;BOINVEST;08;20240703;01;;;19940228;7723300;;RUA;ADEMAR VICENTE FERREIRA;1313;;CENTRO;77804120;TO;9241;;;;;;;;;
75990176;0006;41;2;;08;20190905;01;;;20111228;4930202;;RUA;FIDENCIO CIOLI;S/N;      SALA 10 CAPON CAIS;CARA-CARA;84043500;PR;7777;42;36243233;;;42;36243233;suely@verdescampos.com.br;;
01339514;0010;20;2;HIPER MERCADO GOTARDO;02;20190201;00;;;20190201;4744099;4530703,4530705,4683400,4732600,4744001,4751201,4752100,4753900,4755502,4757100,4759899,4781400,4782201,4789099,5211701;RUA;CESAR AUGUSTO DALSOQUIO;5001;ARMZ  03                  SALA  14E;SALSEIROS;88311558;SC;8161;65;33113901;;;;;JAIME@GOTARDO.COM.BR;;
76104058;0006;51;2;;02;20220204;00;;;20220204;8610101;8610102,8630501,8630502,8630503;RUA;BORTOLO GUSSO;110;;CAPAO RASO;81110200;PR;7535;41;30404040;;;;;JHONNY@FALAVINHA.COM.BR;;
04707195;0004;08;2;FARMINA PET FOODS BRASIL;08;20231229;01;;;20220520;4623109;;RUA;DAS ORQUIDEAS;77;PAVMTOTERREO              SALA  01;ITINGA;89245000;SC;8025;11;40350500;;;;;FISCAL@FARMINA.COM.BR;;
75822882;0002;50;2;PAULO DOEMER MANUTENCAO;02;20240916;00;;;20240916;3312103;7490104,7739002;RUA;ERNESTO BALISTA;424 E;BOX   01;ENGENHO BRAUN;89809320;SC;8081;48;32444271;;;48;32444271;PAULODOEMER@GAMIL.COM;;
01339759;0005;90;2;ADONAI PARK;04;20190111;63;;;20010727;5223100;;RUA;MARIZ E BARROS;1037;;TIJUCA;20270004;RJ;6001;;;;;;;;;
04729590;0003;00;2;;08;20020527;02;;;20011019;0113000;;FAZENDA;SOBRADO;S/N;;ZONA RURAL;13350000;SP;6399;019;34911700;;;019;34915865;fiscal@cosan.com.br;;
20626180;0002;00;2;GAMATEL;08;19830926;01;;;19830209;4789007;;RUA;ITORORO;7;;PADRE EUSTAQUIO;30720450;MG;4123;;;;;;;;;
57763161;0002;35;2;SIGNAL;04;20181023;63;;;19900710;4642701;;RUA;CONS BELISARIO;67;;BRAS;03012000;SP;7107;;;;;;;;;
06910711;0002;60;2;IDEAL PORC - FILIAL;08;20070207;02;;;20040803;0154700;;RODOVIA;BR 163 KM 587 + 45 KM A DIREITA;S/N;FAZ.RIBEIRO DO CEU;ZONA RURAL;78450000;MT;9937;065;3081498;;;065;3082444;VALMIR@GRUPOOTAVIANOPIVETTA.COM.BR;;
01325438;0002;93;2;JACARANDA-DEPOSITO;08;20081231;71;;;19961016;4611700;;RUA;PEDRO CELESTINO;809;;CENTRO;79890000;MS;9089;;;;;;;;;
06879308;0002;16;2;;08;20200213;01;;;19971107;1311100;;AVENIDA;LESTE 3;289;GALPAOC;I DISTRITO INDUSTRIAL;61939080;CE;1585;85;40059210;;;;;lemos@ctn.ind.br;;
20675419;0002;31;2;;08;19870914;01;;;19860918;4774100;;RUA;SANTOS DUMONT;426;;CENTRO;38400060;MG;5403;;;;;;;;;
04740910;0002;42;2;;04;20181016;63;;;20080509;9602501;;RUA;MARTINICO PRADO;26;;VILA BUARQUE;01224010;SP;7107;11;32594089;11;32573548;;;;;
38684767;0002;30;2;TOTAL CONTEINER;02;20140707;00;;;20140707;2930101;2511000;AVENIDA;DR. NELSON DE CASTRO COSTA;33;;DISTRITO INDUSTRIAL DEMERVAL CHAGAS DE A;35540000;MG;4911;31;36213084;;;;;CONTABIL@CONTABILIDADEVESPASIANO.COM.BR;;
02966863;0002;24;2;TEXAS COLCHOES;08;20170809;01;;;20160902;4754702;4754701,4759899;RUA;EDMUNDO BITTENCOURT;101;LOJA  127;VARZEA;25953030;RJ;5915;21;26432869;;;;;;;
01339514;0011;00;2;;02;20210924;00;;;20210924;4744099;4530703,4530705,4683400,4732600,4744001,4751201,4752100,4753900,4755502,4757100,4759899,4781400,4782201,4789099,5211701;AVENIDA;TIRADENTES;5976;QUADRACOMPLETA;PARQUE INDUSTRIAL TANCREDO NEVES;76988006;RO;0013;65;33113900;;;;;HIPER@GOTARDO.COM.BR;;
04707708;0002;19;2;VEGATECH;08;20150209;73;;;20041111;7112000;;RUA;ABIAIL DO AMARAL CARNEIRO;191;SALA 905;ENSEADA DO SUA;29050909;ES;5705;27;33144777;;;27;33144777;;;
38735312;0003;88;2;ENGLISH COMPANY;08;20070216;01;;;19970225;8593700;;RUA;MATO GROSSO;960;SL 901, 902, 903, 904;SANTO AGOSTINHO;30190131;MG;4123;;;;;;;;;
75995431;0004;87;2;LOJA AJE;08;20010313;01;;;19890321;4754701;;RUA;RIACHUELO;245;SALA;CENTRO;80020250;PR;7535;;;;;;;;;
02936310;0001;48;1;;08;20000719;01;;;19981218;4619200;;RUA;XV DE NOVEMBRO;23;SALA 111 A;CENTRO;14140000;SP;6363;;;;;;;;;
06864435;0001;60;1;;08;20041130;01;;;20040706;3099700;;RUA;ALFREDO MAURICIO VARELA;280;;VL. VARELA;08558230;SP;6897;11;47477078;;;11;47482793;lgsouzar@uol.com.br;;
04700819;0001;12;1;;04;20181226;63;;;20010607;6622300;;RUA;ADELIA CASAGRANDE BERTOLOTTI;316;;JARDIM DO VALLE;13347460;SP;6511;19;38944970;;;19;38944970;radawin@terra.com.br;;
04700840;0001;18;1;CENS - CENTRO EDUCACIONAL NOVO SABER;02;20050528;00;;;20011003;8512100;;RUA;ITAMAR JOSE DA LUZ;206;;CENTRO;88370378;SC;8221;47;33191664;;;47;2422489;NOVOSABERESCOLA@BOL.COM.BR;;
04700883;0001;01;1;;04;20190129;63;;;19991206;9430800;9493600,9499500;;POVOADO CANTO DOS BOIS;S/N;;ZONA RURAL;65500000;MA;0761;;;;;;;;;
02936491;0001;02;1;;08;20010628;01;;;19981224;6621501;;RUA;VITORIA;79;;BOTAFOGO;95700010;RS;8541;;;;;;;;;
04701050;0001;57;1;;08;20110606;54;;;20010926;4617600;;RUA;HENRIQUE LAGE;482;;BALNEARIO RINCAO;88820000;SC;8137;;;;;;;;;
00056078;0001;28;1;BINATI CONSULTORIA EMPRESARIAL;02;20031004;00;;;19940413;6920601;;RUA;FIACAO DA SAUDE;40;CONJ  101;VILA DA SAUDE;04144020;SP;7107;11;31220086;;;11;32580086;LEGALIZACAO@BINATI.COM.BR;;
02936664;0001;92;1;ESCOLA DE NATACAO PINGO D'AGUA;08;20140725;01;;;19861126;8591100;;RUA;1009;57;;S P LUDOVICO;74820220;GO;9373;;;;;;;;;
04701339;0001;76;1;WEST COMUNICACAO VISUAL;08;20150209;73;;;20010928;7311400;;RUA;PEDRO GALHARADO;03;CASA;CENTRO;47640000;BA;3863;77;4832207;;;;;;;
06865263;0001;40;1;;04;20180928;63;;;20040720;9430800;9493600,9499500;RUA;FLORIBAL DE OLIVEIRA JARDIM;2445;;VILA QUINCAS PRESTES;96450000;RS;8629;53;32432954;;;;;;;
04701562;0001;13;1;W M T CARGAS;08;20180119;01;;;20010903;4930202;;RUA;CORONEL CONCEICAO;S/N;;CENTRO;88200000;SC;8355;48;32630409;48;32630409;48;32630409;contabilidade@talisma.com.br;;
06865384;0001;91;1;IDEAL SMS;02;0;00;;;20040720;8513900;8520100,8511200,8541400,8599604,4761003,4781400,5620103;RUA;GUILHERME KANTOR;660;;CENTRO;83900000;PR;7887;42;35325122;42;91281324;;;;;
02937140;0001;16;1;;08;20090916;01;;;19981124;9601701;9601702;RUA;DONA ANTONIA DE QUEIROZ;588;LOJA 02;CONSOLACAO;01307010;SP;7107;;;;;;;;;
04701743;0001;40;1;;02;20051103;00;;;20010925;4652400;4753900,6190699,3312102,6110899,6190601,6209100,9511800;AVENIDA;PRESIDENTE VARGAS;542;SALA  2209;CENTRO;20071000;RJ;6001;21;25096820;;;;;;;
38056776;0001;04;1;;02;20210204;00;;;19931221;4120400;4299501;;SHC/ SW CL SW 304 BL0C0 A;S/N;LOJA 12;SETOR SUDOESTE;70310500;DF;9701;;;;;;;;;
02996489;0001;29;1;CTG QUERENCIA DO GENERAL ABREU;02;20230622;00;;;19680616;9312300;;RUA;FLAUBIANO DOYLE;4554;;JOSE R.VASCONCELLOS;97590000;RS;8831;055;2314144;;;;;;;
02937391;0001;09;1;;04;20181030;63;;;19990102;4744005;;RUA;GETULIO  VARGAS;145;;CENTRO;92990000;RS;8423;051;4816713;;;;;;;
02937408;0001;10;1;;02;19981223;00;;;19981223;8599699;;RUA;PORTUGAL;680;;JARDIM EUROPA;13455425;SP;7017;019;4583382;;;;;;;
02937425;0001;57;1;;08;20190110;01;;;19990112;1813099;1813001,1822999;RUA;MOREIRA CESAR;2063;SALA  31;PIO X;95034000;RS;8599;54;32141470;;;54;32141470;fkcia@zaz.com.br.;;
20430286;0001;52;1;;04;20190327;63;;;19790129;4744001;;RUA;SAO MATEUS;495;;SAO MATEUS;36025000;MG;4733;;;;;;;;;
01319019;0001;68;1;HORANOBRE;08;20220510;01;;;19960712;4530703;;RUA;VIVIANE DIAS SEGURA;38;;VILA SILVIA;03728250;SP;7107;11;60914485;;;;;atitudecontabilidade@uol.com.br;;
06865846;0001;70;1;;04;20240820;63;;;20040723;4751201;4753900,4755502,4761002,4761003,4762800,5911102,5912002,5920100,9511800;AVENIDA;PRESIDENTE MEDICI;1995;SALA D;SANTO ANTONIO;65630790;MA;0937;;;;;;;;;
38059036;0001;13;1;WING ASSESSORIA;04;20181017;63;;;19931230;7020400;8550301,8550302;SETOR;SCN QUADRA 01 BLOCO E N  50 SALA;1711;;ASA NORTE;70711903;DF;9701;61;81319905;;;;;;;
02937588;0001;30;1;;04;20181024;63;;;19990118;8299799;6399200,7410299,7490105,7490199,8219999,8299703,8299707;RUA;PARA;66;SALA 11;CENTRO;13910001;SP;6595;019;8675815;;;;;;;
02937611;0001;96;1;A.M.B.;08;20150209;73;;;19981202;4120400;4299501;RUA;SARGENTO ANTONIO VIEIRA NOIA;305;SALA 02/A;VILA NOVA ITAPEVI;06693540;SP;6551;;;;;;;;;
02937629;0001;98;1;;04;20181214;63;;;19981215;9430800;9493600,9499500;RUA;MACIR RAMAZINI;1.144;;CENTRO;14180000;SP;6905;016;6531916;;;016;6531916;;;
04702401;0001;44;1;;08;20211027;01;;;20010927;4511102;;AVENIDA;EXPEDICIONARIOS BRASILEIROS;755;;JARDIM AMERICA;15600001;SP;6411;;;;;;;;;
57606576;0001;14;1;AI DUE LADRONI;04;20181023;63;;;19870624;4729699;;RUA;PHOBUS;289;;SAO MATEUS;08340130;SP;7107;11;61100543;11;20100543;;;GEASSESSORIA@GEASSESSORIA.COM.BR;;
06866243;0001;93;1;MEGA - CONCRETOS;08;20051207;01;;;20040727;2330301;;RUA;PRIMEIRO DE MAIO;40;;CENTRO;13570632;SP;7079;016;33682525;;;016;33682525;;;
06866295;0001;60;1;CAIAKAGEM;02;20240124;00;;;19890411;8800600;8591100,8592999,8599699;TRECHO;SCES TRECHO 1 CONJUNTO 15 LOTE;01;;ASA SUL;70200001;DF;9701;61;81875666;;;61;3643527;CAIAKAGEM@GMAIL.COM;;
04702573;0001;18;1;BOARDS SKATE SHOP;08;20021105;01;;;20011008;4781400;;RUA;QUATRO DE ABRIL;367;BX. 05;CENTRO;17500011;SP;6681;;;;;;;;;
04702590;0001;55;1;;08;20080611;54;;;20011003;4541202;;AVENIDA;DOM PEDRO I;385;;IPIRANGA;14055620;SP;6969;16;6304464;;;16;6304393;planeccontabil@uol.com.br;;
20435764;0001;17;1;MONTEIRO REPRESENTACOES;02;20031115;00;;;19810526;4619200;;RUA;SILVIANO BRANDAO;65;;CENTRO;36530000;MG;5229;32;35561214;32;35561172;32;35561172;ETECOM@UAIVIP.COM.BR;;
20436523;0001;92;1;;08;20081231;71;;;19830812;9430800;9493600,9499500;RUA;SAO SEBASTIAO;402;;CENTRO;36013260;MG;4733;;;;;;;;;
02938154;0001;54;1;;02;20010609;00;;;19990111;7112000;4110700,4399101;RUA;CONGONHAS;31;"SALA: 104;";SAO PEDRO;30330016;MG;4123;31;32249729;;;;;CSB.CONSULTORIA@TERRA.COM.BR;;
02938248;0001;23;1;;08;20241003;01;;;19981202;8291100;;RUA;MANOEL JACINTO;932;BLOCO 10 - APTO. 23;VILA SONIA;05624001;SP;7107;11;31465404;;;11;31465404;;;
01319804;0001;10;1;;08;20150209;73;;;19960719;4789099;;AVENIDA;GETULIO VARGAS;1353;B;CENTRO;65901550;MA;0803;;;;;;;;;
57613549;0001;79;1;;02;20030104;00;;;19701016;4731800;4520005,4729699,4732600,4784900;AVENIDA;FRANCISCO MONTEIRO;1396;;VL FIORENTINA;09400310;SP;6967;;;;;;;;;
20440384;0001;70;1;PADARIA E CONFEITARIA RIOS;04;20161014;63;;;19850228;4721102;;RUA;JAGUARE;21;CAS 03;JD SAO PAULO;37704013;MG;5035;;;;;;;;;
57614430;0001;10;1;PADARIA SAO JORGE;02;20050430;00;;;19870703;1091102;5611201,5611203,5620104,4712100;RUA;PADRE FERRAZ;743;;CENTRO;13974366;SP;6553;;;;;;;;;
06867162;0001;08;1;;08;20081231;71;;;19730301;4756300;;RUA;BARROSO;91;S;CENTRO;64076410;PI;1219;;;;;;;;;
75716597;0001;74;1;FARMACIA SANTO ANTONIO;02;20040131;00;;;19660922;4771701;;AVENIDA;BRASIL;1282;;CENTRO;86390000;PR;7469;;;;;;;;;
02938698;0001;16;1;;02;20040402;00;;;19990119;4712100;;RUA;CHAVANTES;198;;LIBERDADE;93330290;RS;8771;51;30661782;51;30664755;;;;;
06867328;0001;96;1;BERGAMASCHI ADVOGADOS ASSOCIADOS;02;0;00;;;20040721;6911701;;RUA;IGNACIO MONTANHA;77;;SANTANA;90040300;RS;8801;51;37701041;51;37486729;51;37664000;PAULA@BERGAMASCHI.ADV.BR;;
06867341;0001;45;1;GUESSER;02;0;00;;;20040721;4692300;0141501,4611700,4617600,4621400,4622200,4623106,4635403,4635499,4649499,4661300,4686902;RUA;PRIMO LUIZ MOZZER;SN;;DA GRUTA;89613000;SC;8101;49;98813748;;;49;35232316;TARCISIOGUESSER@YAHOO.COM.BR;;
04423649;0001;76;1;BAZAR SAO JORGE TEM TUDO;08;20150209;73;;;20010424;4755502;;ESTRADA;DO MATO ALTO;4965;LOJA A;GUARATIBA;23030320;RJ;6001;;;;;;;;;
75720433;0001;10;1;ACORDI;08;20081231;71;;;19810828;9430800;9493600,9499500;RUA;SALDANHA MARINHO;480;;CENTRO;80410150;PR;7535;;;;;;;;;
38073706;0001;56;1;;08;20250320;01;;;19940217;8122200;8129000;;SHI/SUL COM LOCAL QI 09 BLOCO A;S/N;LOJA 21;LAGO SUL;71625500;DF;9701;;;;;;;;;
20447645;0001;84;1;;02;20010210;00;;;19791112;6010100;;AVENIDA;BARAO DO RIO BRANCO;2872;SALA  705 E 706;CENTRO;36016311;MG;4733;32;32491636;;;32;32166631;TECOLJF@TERRA.COM.BR;;
04703833;0001;70;1;;08;20090622;54;;;20010927;4632001;;RUA;MARIA DAS DORES DE SOUSA;114;;FATIMA;62600000;CE;1427;85;3461068;;;85;3461289;;;
02939233;0001;80;1;MULTART;08;20081231;71;;;19981218;7311400;;RUA;BENJAMIN CONSTANT;342;;CENTRO;36400001;MG;4365;031;7635821;;;;;;;
75724039;0001;50;1;;02;20010210;00;;;19810923;4633801;;RODOVIA;PR 317 , KM 6,5 SAIDA P/CAMPO MOURAO;S/N;MOD.278, LT 202A/203A;GL.RIBEIRAO PINGUIM;87065005;PR;7691;44;2663539;;;;;;;
04704165;0001;03;1;FONTE NOVA COMERCIO E REPRESENTACAO;02;20051103;00;;;20011011;4639701;4637199;AVENIDA;BRASIL;2483;;CENTRO;87800000;PR;7829;44;98525510;;;44;30299055;LEONE@G-BS.CC;;
01357121;0001;58;1;AUDIO LINE;04;20210317;63;;;19960805;4530703;;RUA;CID MARCONDES ALBUQUERQUE;2637;;XAXIM;81820000;PR;7535;41;33469054;41;33469054;;;JEF.AUDIOLINE@GMAIL.COM;;
38127940;0001;19;1;A GLOBO AMBIENTAL SUSTENTAVEL S/A IMPORT. & EXPORTACAO;08;20240703;01;;;19930420;0230600;7729299,4683400,4632003,4623101,0151201,4611700,4930202,7210000,4120400,4110700,6821801,0322101,0891600,0990403,6630400;RUA;VINTE E UM DE ABRIL;438;SALA  04;SETOR CENTRAL;77804050;TO;9241;17;92269865;;;;;GALVAOCONTABIL@HOTMAIL.COM;;
04704584;0001;37;1;;08;20050419;01;;;20010925;5611203;;RUA;DR. JOAO LOURES VALLE;20;LOJA 1 E 2;CENTRO;36152000;MG;0620;;;;;;;;;
57631798;0001;97;1;;08;20160721;01;;;19870703;4110700;6810201,6810202;AVENIDA;LUIS CARLOS BERRINI;1.140;ANDAR 7 CONJUNTO 71       SALA  B10;BROOKLIN;04571000;SP;7107;21;22170600;21;22170620;21;22407534;dinah@fradema.com.br;;
02939991;0001;06;1;APP;01;19990121;11;;;19990121;9430800;9493600,9499500;ESTRADA;DOS PERIQUITOS;S/N;KM 10;ZONA RURAL;78918260;RO;0003;;;;;;;;;
20462156;0001;00;1;;08;20220119;01;;;19690908;1111901;4723700;RUA;AGEU GOMES DA SILVA;353;;JARDIM AEROPORTO;37130001;MG;4031;;;;;;;;;
04705180;0001;68;1;;08;20070410;01;;;20011002;4773300;;RUA;AMADEU AMARAL;749;;VILA SEIXAS;14020050;SP;6969;16;6304464;;;16;6304393;planeccontabil@uol.com.br;;
01321692;0001;32;1;;04;20190226;63;;;19960717;8650099;8660700;;CNC 03 LTES 12/14 LOJAS;03/04;;TAGUATINGA;72115535;DF;9701;9061;5612449;;;;;;;
04157466;0001;56;1;;04;20210317;63;;;20001020;4762800;;PRACA;OZORIO;333;LOJA 25;CENTRO;80420010;PR;7535;0413;231272;;;0413;231272;;;
02940554;0001;02;1;;02;20001223;00;;;19990114;8211300;8219999,8299799;RUA;FLORES DA CUNHA;925;SALA  25;CENTRO;95320000;RS;8769;54;96182273;;;;;;;
20466587;0001;36;1;;08;20081231;71;;;19850130;9430800;9493600,9499500;RUA;CONDE DE LUMINARES;390;;IMPERIAL;30512720;MG;4123;;;;;;;;;
02940651;0001;97;1;ALLIGARE;08;20160108;01;;;19960808;4755503;4781400,4782202,4789099,4789099;RUA;CEARA;1709;"SALA: 301;";FUNCIONARIOS;30150311;MG;4123;31;32243957;;;;;SUPREMA@SUPREMANANET.COM.BR;;
20470662;0001;32;1;;02;20060308;00;;;19890202;9430800;9493600,9499500;RUA;DO BOQUEIRAO;17;;PASSAGEM DE MARIANA;35420000;MG;4799;;;;;;;;;
06869959;0001;44;1;;08;20041231;01;;;20040802;9492800;;RUA;HUMBERTO GOMES;146;;CENTRO;39450000;MG;5417;;;;;;;;;
06869976;0001;81;1;;08;20041231;01;;;20040802;9492800;;RUA;FERREIRA PRADO;SN;;CENTRO;37120000;MG;4943;;;;;;;;;
38139275;0001;83;1;UNI-REDES CONSTRUTORA;04;20210219;63;;;19940225;4120400;4221902,4221903,4311802,4313400,4211101,4212000,4221901,4221904,4321500,4322302,4322301,4399103,4330499,4330401,4330404,7732201,7711000,4211102,4222701,4399105,4329105,4330402,4330405;QUADRA;1206 SUL (ARSE 122) CONJ QI 21 AL  24 LT 14 1 ANDAR SALA  03;SN;;PLANO DIRETOR SUL;77023488;TO;9733;63;92291272;;;;;;;
04705892;0001;87;1;;02;20050827;00;;;20010918;7319002;;AVENIDA;LUCIO COSTA;02930;      APT 1103 BLC 3;BARRA DA TIJUCA;22620172;RJ;6001;21;24231572;;;;;;;
20472791;0001;60;1;;02;20050924;00;;;19850325;8511200;9430800,9493600,9499500;RUA;GONCALVES CRESPO;22;;SANTA MARIA;30525040;MG;4123;31;34230464;31;34447092;31;34230464;CONAFE@IG.COM.BR;;
02941304;0001;89;1;;08;20081231;71;;;19990121;4120400;4299501;RUA;SAO MATEUS;308;;BAIRRO MATRIZ;09370170;SP;6689;;;;;;;;;
06870600;0001;97;1;;08;20041231;01;;;20040802;9492800;;RUA;SANTA LUZIA;371;;INHUMA;64535000;PI;1093;;;;;;;;;
04706521;0001;10;1;INDUSTRIAL ASSISTENCIA TECNICA DE FORNO & FOGAO;04;20210413;63;;;20010924;9529199;;RUA;IBRAIN ABDALA;130;;JARDIM RIO BRANCO;11346080;SP;7121;013;35661635;;;;;;;
57648107;0001;68;1;;08;20221208;01;;;19870601;9609299;;ESTRADA;MUNICIPAL;1286;;JARDIM CANANEIA;18185000;SP;6859;;;;;;;;;
02941404;0001;05;1;RADIO PLANETA;08;20081231;71;;;19990114;6010100;;RUA;JOSE INOCENCIO BOSA;31;;CENTRO;14735000;SP;7139;;;;;;;;;
57648859;0001;29;1;;08;20081231;71;;;19870603;9430800;9493600,9499500;RUA;MOISES MAIOMONIDES;302;;VILA PROGRESSO;08210040;SP;7107;;;;;;;;;
06870872;0001;97;1;;08;20041231;01;;;20040802;9492800;;RUA;JOAQUIM LOPES DE SOUSA;0;S/N;CENTRO;58778000;PB;1903;;;;;;;;;
57649907;0001;01;1;;02;20051103;00;;;19870602;6311900;;RUA;CRISTIANO VIANA;160;CASA  01;JARDIM AMERICA;05411000;SP;7107;11;31064356;11;31061867;11;31064356;AMORIM.MARC@GMAIL.COM;;
06871083;0001;70;1;;08;20041231;01;;;20040802;9492800;;RUA;DOM IDILIO;151;;CENTRO;56395000;PE;0552;;;;;;;;;
04706984;0001;81;1;DESAFIO JOVEM DE IGUATU;08;20150209;73;;;20010901;9430800;9493600,9499500;RUA;07 DE SETEMBRO;00;;SANTO ANTONIO;63500005;CE;1411;;;;;;;;;
02941859;0001;20;1;AUTO LAVAGEM S. M.;08;20150209;73;;;19990112;4520005;;TRAVESSA;SAO PEDRO;S/N;;CENTRO;68138000;PA;0060;;;;;;;;;
04707195;0001;65;1;FARMINA PET FOODS BRASIL;02;20011008;00;;;20011008;1066000;4623109,4642701,6202300,6203100,6204000,6462000,7020400,7490104;RUA;ARMELINA PEREIRA DE SOUZA;479;      DIST IND STA BARBARA;AGUA COMPRIDA;12915542;SP;6251;11;40350500;;;;;FISCAL@FARMINA.COM.BR;;
07736034;0001;98;1;CANAA;04;20210317;63;;;20051116;4729699;4723700;RUA;TENENTE DEMOSTHENES MACHADO;115;;UBERABA;81550530;PR;7535;41;35753237;;;;;;;
01323294;0001;55;1;DROGARIA BRASIL;02;20020223;00;;;19851219;4771701;4772500;RUA;CARAJAS;817;QUADRAB                   LOTE  10;SETOR SUL I;78600000;MT;9035;66;34011593;;;;;;;
07800578;0001;71;1;;02;20210817;00;;;20051207;5611201;5611204;AVENIDA;NOSSA SENHORA APARECIDA;468;;SEMINARIO;80440000;PR;7535;41;33393808;;;;;;;
38458600;0001;70;1;MAIS VISAO;08;20231130;01;;;19900410;7319003;;RUA;JAIME BILHARINHO;669;;FABRICIO;38065280;MG;5401;34;33335755;34;33388896;;;AMIO@TERRA.COM.BR;;
04707708;0001;38;1;VEGATECH;08;20150209;73;;;20010625;8299799;6399200,7410299,7490105,7490199,8219999,8299703,8299707;RUA;ARASSUAI;44;;SERRA;30210550;MG;4123;31;32252343;;;31;32252343;;;
01323728;0001;17;1;;02;20050702;00;;;19960528;6911701;;RUA;DR. THIRSO MARTINS;100;CONJ. 520;VILA MARIANA;04120050;SP;7107;011;55745655;;;011;5575655;annunciato@annunciato.adv.br;;
01323750;0001;67;1;;08;20050921;01;;;19960717;8512100;;RUA;ANA TELLES MOREIRA;561;;JD.ESMERALDINA;13046480;SP;6291;;;;;;;;;
75784595;0001;12;1;;08;20010622;01;;;19740911;4744005;;AVENIDA;MARANHAO;291;;CENTRO;87200001;PR;7505;;;;;;;;;
01323867;0001;40;1;VISUAL TUBO;08;20200606;01;;;19960715;4729699;;RUA;RIO MADEIRA;143;;LINDO PARQUE;24420370;RJ;5897;;;;;;;;;
01324008;0001;76;1;;08;20081231;71;;;19960716;4687703;;RUA;CARLOS DA CUNHA MATTOS;350;;CHAC INGLESA;05140040;SP;7107;;;;;;;;;
02942954;0001;49;1;BALAO & CIA;08;20030506;01;;;19990121;4789099;;RUA;RIO POMBA;1136;;PADRE EUSTAQUIO;30720290;MG;4123;;;;;;;;;
57664492;0001;37;1;;04;20220610;63;;;19870609;4520001;4520002,4520003,4520004;RUA;GUSTAVO MONTEIRO FILHO;55;;PELEGRINO;18013340;SP;7145;;;;;;;;;
04708328;0001;18;1;;08;20120402;01;;;20011009;6810201;6810202,6462000;;BR 280 KM 55;S/N;SALA 02;AVAI;89270000;SC;8127;47;3739000;;;47;3739001;;;
04708345;0001;55;1;;08;20100817;01;;;20010919;6204000;;RUA;ALMEIDA BRANDAO;207;;VILA JORDANOPOLIS;09891410;SP;7075;11;69491436;;;11;69491436;heroscontabil@heroscontabil.com.br;;
38466272;0001;54;1;;08;20100816;01;;;19900418;8291100;;AVENIDA;AMAZONAS;641;SALAS 1504 1505;CENTRO;30180908;MG;4123;;;;;;;;;
38466827;0001;68;1;;08;20151216;01;;;19900419;4520001;4520002,4520003,4520004;RUA;CERAMICA;75;;CARNEIRINHOS;35930197;MG;4723;;;;;;;;;
02943270;0001;61;1;;04;20210407;63;;;19990119;4530703;;RUA;LEONARDO R DA SILVA;480;;VILA DO ATLANTICO;42700130;BA;3685;;;;;;;;;
06873008;0001;49;1;;08;20041231;01;;;20040802;9492800;;RUA;ISAIAS FRANCA;419;C POSTAL 419;CENTRO;79670000;MS;9045;;;;;;;;;
04708736;0001;70;1;;08;20150209;73;;;20010924;5320202;;RUA;RIO DE JANEIRO;48;;PARQUE 35;92500000;RS;8685;;;;;;;;;
04708834;0001;07;1;;08;20150209;73;;;20010329;8800600;;RUA;JOSE GONCALVES JUNIOR;469;;BOM JARDIM;34300000;MG;5095;031;35451169;;;;;;;
06873271;0001;38;1;;08;20041231;01;;;20040802;9492800;;AVENIDA;JOSE CHAGAS PORTO;18;;;47815000;BA;3447;;;;;;;;;
06873450;0001;75;1;;08;20041231;01;;;20040802;9492800;;RUA;BALBINO DE MENDONCA;256;;CENTRO;76260000;GO;9343;;;;;;;;;
06873520;0001;95;1;;08;20041231;01;;;20040802;9492800;;RUA;JOAQUIM CEZARIO DE FREITAS;000000;S/N;CENTRO;58933000;PB;0496;;;;;;;;;
06873536;0001;06;1;;08;20041231;01;;;20040802;9492800;;RUA;AMAMBAI;197;;CENTRO;79975000;MS;9815;;;;;;;;;
06873564;0001;15;1;;08;20041231;01;;;20040802;9492800;;RUA;NAIR SANTOS DAMASIO;2254;;2254;59300000;RN;1639;;;;;;;;;
06873592;0001;32;1;;08;20041231;01;;;20040802;9492800;;RUA;SANTO ANTONIO;25;CASA;CENTRO;39160000;MG;5203;;;;;;;;;
02943813;0001;40;1;JARDIM DE INFANCIA CASA DA ABELINHA;04;20181130;63;;;19990118;8513900;;AVENIDA;PRESIDENTE KENNEDY;915;;ESTRELA DO NORTE;24445000;RJ;5897;;;;;;;;;
38474441;0001;06;1;;02;20051103;00;;;19900424;5611203;;PRACA;SAO SEBASTIAO;83;;SAO SEBASTIAO;36400001;MG;4365;31;93860489;;;;;;;
06873953;0001;40;1;;08;20041231;01;;;20040802;9492800;;PRACA;STO ANTONIO;SN;;CENTRO;65140000;MA;0881;;;;;;;;;
02944029;0001;57;1;;02;20051103;00;;;19990119;4731800;4732600,4530703,4729601,4729699,4729602,4761001,4761002,4762800,4789008,5611203,7420003,7722500,7729299;AVENIDA;DAS AMERICAS;6137;"LOTE: 2 PAL 43270;";BARRA DA TIJUCA;22793080;RJ;6001;21;21377580;;;;;JPX@POSTOSALIANCA.COM;;
06873994;0001;37;1;;08;20041231;01;;;20040802;9492800;;RUA;DA ASSEMBLEIA;111;;CENTRO;65292000;MA;0126;;;;;;;;;
04709548;0001;66;1;;08;20171122;01;;;20011005;3811400;;AVENIDA;PEDRO DOMINGUES AFFONSO;223;;JARDIM SANTA INES III;12248498;SP;7099;12;39411818;12;39418814;12;39239276;JBOCONTABIL@UOL.COM.BR;;
02944110;0001;37;1;;04;20190131;63;;;19981230;4391600;;AVENIDA;ERNANI DE OLIVEIRA ROCHA;2.100;;CENTRO;43850000;BA;3889;;;;;;;;;
04709750;0001;98;1;;04;20181221;63;;;20010928;4614100;;RUA;JULIO ZANONI;100;SALA 02;VILA RICA;13240000;SP;6605;;;;;;;;;
02944297;0001;79;1;OCTO CONTABILIDADE;02;20181220;00;;;19990113;6920601;;QUADRA;206 SUL ALAMEDA 15 LOTE 01;SN;APT   01 (ARSE 22 QIH);CENTRO;77020518;TO;9733;63;32152436;;;63;2155546;www.octo.contabil@uol.com.br;;
04709825;0001;30;1;;08;20150925;01;;;20011009;4120400;4299501;RUA;DURVAL PEREIRA MOCO;48;;BRASILIA;57313815;AL;2705;;;;;;;;;
01325438;0001;02;1;JACARANDA AGROPECUARIA;08;20081231;71;;;19960722;4611700;;RUA;ARAL MOREIRA;261;;CENTRO;79890000;MS;9089;;;;;;;;;
04709913;0001;32;1;TRAMIT LTDA;08;20160714;01;;;20011003;6204000;9511800,6209100,4619200;SETOR;SHC/SW CLSW 300A BL B ENT 48;S/N;APT   305 3 PAVIMENTO;SUDOESTE;70673006;DF;9701;61;33814426;;;;;;;
57681157;0001;47;1;GRUMANN DO BRASIL;04;20181023;63;;;19870602;4774100;;RUA;DURVALINA;226;ANEXO II;VILA MATILDE;03511050;SP;7107;11;22251300;;;11;22251300;paulofds@grumann.com.br;;
00877413;0001;59;1;GOIANIA TROPICAL HOTEL E CENTRO DE TREINAMENTO;08;20210323;01;;;19951025;5510801;8599604,8599699,8650003;RUA;53;206;QUADRAB-17                LOTE  23;JARDIM GOIAS;74810210;GO;9373;62;32817400;;;;;GYNHOTEL@TERRA.COM.BR;;
38483400;0001;78;1;;04;20190123;63;;;19900426;4712100;;RUA;MAXIMIANO DORNELAS SETTE;178;A;BOM JARDIM;36900000;MG;4787;33;33312189;;;33;33312189;;;
75813428;0001;52;1;;08;20020611;01;;;19810319;4789002;;RUA;BARAO DO RIO BRANCO;130;;CENTRO;88350201;SC;8055;;;;;;;;;
06875112;0001;72;1;;08;20041231;01;;;20040802;9492800;;RUA;DR MARIO PEREIRA DE LUCENA;19;;;55690000;PE;2325;;;;;;;;;
20517637;0001;67;1;;04;20210331;63;;;19791022;5611201;;RUA;NECO SOARES;134;;CENTRO;35360000;MG;5279;;;;;;;;;
02944998;0001;08;1;SANTA TEREZINHA CENTRO FORMADOR;08;20150209;73;;;19981117;8541400;;AVENIDA;SENADOR TEOTONIO VILELA;2146;1 E 2 ANDARES;RIO BONITO;04801000;SP;7107;011;5297637;;;011;5297637;;;
57686818;0001;27;1;;08;20081231;71;;;19870602;4744005;;RUA;ITAU;190;;DO LIMAO;02750020;SP;7107;;;;;;;;;
06875384;0001;72;1;;08;20041231;01;;;20040802;9492800;;RUA;SAO FRANCISCO;38;;ALECRIM;59032120;RN;1761;;;;;;;;;
06875404;0001;05;1;;08;20041231;01;;;20040802;9492800;;RUA;CAP DONATO SOUZA;482;;PASSAGEM;88705350;SC;8367;;;;;;;;;
02945085;0001;06;1;JBARBOSA LOCACAO E GUINCHOS;02;20041016;00;;;19990126;8299799;5229002,6399200,7410299,7490105,7490199,7711000,8219999,8299703,8299707;RUA;JOSE ALVES DE ANDRADE;779;      TERREO;CENTRO;44900000;BA;3593;74;99201705;74;36412598;74;36412598;CONTABILIDADECAMBUI@HOTMAIL.COM;;
06875597;0001;02;1;;08;20041231;01;;;20040802;9492800;;RUA;DQ DE CAXIAS;SN;CASA;CENTRO;65850000;MA;0833;;;;;;;;;
06875657;0001;89;1;;08;20041231;01;;;20040802;9492800;;AVENIDA;LENI FERREIRA;555;CASA;JAPERI;26410000;RJ;2913;;;;;;;;;
06875669;0001;03;1;;08;20041231;01;;;20040802;9492800;;RUA;GENERAL PIRAGIBE;915;;PARQUELANDIA;60410424;CE;1389;;;;;;;;;
06875704;0001;94;1;;08;20041231;01;;;20040802;9492800;;TRAVESSA;RAIMUNDO VICTOR;000110;;FEIRINHA;68521000;PA;0577;;;;;;;;;
02945399;0001;09;1;BARRETO SERVICOS;08;20030918;01;;;19990125;4120400;4299501;RUA;DA COMUNICACAO;232;CASA;CENTRO;44880000;BA;3405;;;;;;;;;
01326515;0001;49;1;;08;20000906;01;;;19960708;7020400;8550301,8550302;RUA;PROFESSOR ARTUR THIRE;375;APTO 302;VILA DA PENHA;21221360;RJ;6001;;;;;;;;;
04711256;0001;68;1;PANY E LANCHES;08;20081231;71;;;20011002;4721102;;;ROMARIO MARTINS;364;;CENTRO;85550000;PR;7527;;;;;;;;;
06876028;0001;73;1;;08;20041231;01;;;20040802;9492800;;;POVOADO MACAUBA;SN;SC;;77958000;TO;0197;;;;;;;;;
04711365;0001;85;1;;02;20231004;00;;;20010918;8650099;8599604,8660700;RUA;ALFREDO COUTINHO;95;;POCO;52061130;PE;2531;81;92724345;;;;;ADRIANAFERRAZV@GMAIL.COM;;
04711381;0001;78;1;CACIB;04;20181026;63;;;20010404;9430800;9493600,9499500;;COMUNIDADE INDIGINA BETANIA;S/N;;ZONA RURAL;69680000;AM;0273;000;00 0000;;;000;0000000;;;
57692964;0001;65;1;;02;20040710;00;;;19870617;4754702;4754701;RUA;SERGIPE;701;;CENTRO;15600043;SP;6411;17;34426708;;;;;GERSON.TORINO@HOTMAIL.COM;;
06876102;0001;51;1;;08;20041231;01;;;20040802;9492800;;AVENIDA;JOSE RODRIGUES;300;;CENTRO;77470000;TO;9365;;;;;;;;;
75822882;0001;70;1;;02;20050129;00;;;19820120;3312103;7490104,7739002;RUA;BIASE FARACO;171;;CAPOEIRAS;88070420;SC;8105;;;;;;;;;
69346989;0001;96;1;REFAZENDO;08;20190314;01;;;19930121;4689399;4649499,4669999;AVENIDA;RUYCE FERRAZ ALVIM;1019;;JARDIM RUYCE;09951002;SP;6377;11;55624451;11;55639637;11;55644940;SIMONEALVES.JCM@TERRA.COM.BR;;
06876386;0001;86;1;;08;20041231;01;;;20040802;9492800;;RODOVIA;TO 050 KM 18 CHACARA;284;;SANTA FE;77270000;TO;9733;;;;;;;;;
02945990;0001;66;1;UNIPSI;08;20010209;01;;;19981223;8650003;;RUA;ARI MEIRELES;516;;VILA GALLO;13466310;SP;6131;;;;;;;;;
20529756;0001;30;1;;08;20081231;71;;;19790608;9312300;;RUA;EUCLIDES DA CUNHA;S/N;;CENTRO;39527000;MG;4819;;;;;;;;;
06876728;0001;68;1;;08;20041231;01;;;20040802;9492800;;AVENIDA;PRES JUSCELINO KUBISTCHEK;113;;CENTRO;57440000;AL;2807;;;;;;;;;
06876789;0001;25;1;;08;20140506;01;;;20040723;9430800;9493600,9499500;;SHIS QI 15 CONJUNTO 03 , CASA 18;SN;;LAGO SUL;71635230;DF;9701;61;2481016;;;;;;;
04712091;0001;49;1;LOTERIA MORAIS;02;20051103;00;;;20011005;8299706;;RUA;GEORGINA ERISMAN;S/N;TERREO;CENTRO;44001448;BA;3515;75;2219246;;;;;;;
02946297;0001;08;1;;02;20051103;00;;;19990112;8299799;6399200,7410299,7490105,7490199,8219999,8299703,8299707;RUA;FERROLANDIA;241;;CENTRO;63640000;CE;1413;;;;;;;;;
06877045;0001;25;1;;08;20090219;01;;;20040617;6622300;;RUA;FERRUCIO BIONDI;7;;JARDIM DORALY;07075190;SP;6477;11;62331832;;;;;;;
04712357;0001;53;1;STI BRASIL;08;20050211;01;;;20011009;6204000;;AVENIDA;ANTONIO CARLOS MAGALHAES;2501;ED PROF.CENTER,SL.518;BROTAS;41710230;BA;3849;;;;;;;;;
06877147;0001;40;1;;08;20180508;01;;;20040723;6629100;;RUA;JULIO CALEGARI;1370;;ESPLANADA;95095230;RS;8599;;;;;;;;;
02946456;0001;74;1;ROGER PET;02;20220125;00;;;19990120;2063100;2110600;FAZENDA;RANCHO FUNDO;S/N;;FAZENDA VELHA;84950000;PR;7943;;;;;;;;;
04712420;0001;51;1;;02;20011009;00;;;20011009;3812200;3701100,3811400,3821100,3822000,4930202,4930203,5231103;ESTRADA;PROGRESSO;710;LOTE  200/2               CXPST 2080;PARQUE INDUSTRIAL BANDEIRANTES;87070035;PR;7691;44;30313553;;;44;30265736;FINANCEIRO@NORTEVISUAL.COM.BR;;
20535449;0001;61;1;;08;20000225;01;;;19850409;4621400;;FAZENDA;DO BRAGA;S/N;;ESTOURO;36594000;MG;4073;;;;;;;;;
06877316;0001;42;1;CONCRESULCA;04;20240812;63;;;20040722;2869100;4663000,2330302;RUA;PEDRO BENETON;416;;CENTRO;88802070;SC;8089;48;30452288;48;30452288;48;30452288;analise@engeplus.com.br;;
06877498;0001;51;1;DIGITAL PRINT;04;20181010;63;;;20040722;1813099;1813001;RUA;971;369;;CENTRO;88330003;SC;8039;;;;;;;;;
01327708;0001;14;1;TECMOLDIN;02;20040828;00;;;19960718;2543800;2539001,2790299,2840200,3321000;RODOVIA;BR-472;1120;;GUIA LOPES;98783020;RS;8847;55;21202555;;;;;TECMOLDIN@TECMOLDIN.COM.BR;;
06877790;0001;74;1;ANERI;02;20210117;00;;;20040705;9430800;9493600,9499500;FAZENDA;CORUJA / CHOCHA;SN;;ZONA RURAL;39594000;MG;4639;;;;;;;;;
20540662;0001;61;1;;02;20190903;00;;;19790108;9430800;9493600,9499500;PRACA;FLORIANO PEIXOTO;S/N;;CENTRO;39560000;MG;5139;;;;;;;;;
06877957;0001;05;1;;08;20191220;01;;;20040723;6201501;6204000;RUA;SAO PAULO;684;LOJA 106;CENTRO;30170130;MG;4123;;;;;;;;;
20542320;0001;80;1;ARMAZEM BRANT;02;20051103;00;;;19780531;4712100;;VILA;CATUNI;SN;;SEDE;39580000;MG;4533;;;;;;;;;
06878175;0001;82;1;;04;20181023;63;;;20040630;4120400;4299501;RUA;DA CANTAREIRA;855;;CENTRO;01024000;SP;7107;11;32082054;;;;;;;
04713408;0001;61;1;COLEGIO MERIDIONAL;08;20160408;01;;;20010917;8513900;;AVENIDA;RAUL LEAO CASTELO;500;;PORTAL DE JACARAIPE;29173737;ES;5699;;;;;;;;;
06878285;0001;44;1;REPLICAR VEICULOS;04;20181011;63;;;20040722;4511102;;AVENIDA;AMAZONAS;5580;;NOVA SUISSA;30480000;MG;4123;;;;;;;;;
06878364;0001;55;1;ATLANTIDA CONSULTORIA E SERVICOS;08;20070402;01;;;20040721;7020400;8550301,8550302;;SHCN C.L. QD. 113 BLOCO C;49;SALA 215;ASA NORTE;70763530;DF;9701;061;30365872;;;;;;;
04713555;0001;31;1;GIGI TEAR;08;20200819;01;;;20011010;4759899;;RUA;EMANCIPADORES DO MUNICIPIO;256;;CENTRO;13295000;SP;6581;;;;;;;;;
57711863;0001;94;1;;08;20150209;73;;;19880614;9312300;;RODOVIA;WASHINGTON LUIZ;SN;KM-231 GLEBA I;RURAL;13565800;SP;7079;;;;;;;;;
57713513;0001;67;1;PTB DIRETORIO MUNICIPAL EM PRADOPOLIS;08;20081231;71;;;19880823;9492800;;RUA;SAO MARTINHO;1066;;CENTRO;14850000;SP;6919;;;;;;;;;
57713695;0001;76;1;LABORATORIO SAO MARCOS;08;20170406;01;;;19880609;8630503;;AVENIDA;ARISTIDES BELLODI;91;;JARDIM SAO MARCOS;14887208;SP;6587;16;32020787;16;32036983;16;32020787;sidinei_amaral@uol.com;;
04713950;0001;14;1;SJT SAUDE;08;20210923;01;;;20011015;5821200;;AVENIDA;PAULISTA;949;9 ANDAR;CERQUEIRA CESAR;01311100;SP;7107;11;21247070;;;;;CESTRELA.EXPEDIENTE@TERRA.COM.BR;;
57715609;0001;64;1;;02;20061201;00;;;19881117;9430800;9493600,9499500;AVENIDA;PAULISTA;SN;;VILA SARGI;15900000;SP;7175;;;;;;;;;
38515433;0001;52;1;IPATINGA FIDES;08;20081231;71;;;19921101;9492800;;AVENIDA;VINTE E OITO DE ABRIL;465;SALA 106;CENTRO;35160004;MG;4625;;;;;;;;;
04714230;0001;73;1;CEBRAC;08;20170206;01;;;20010921;9430800;9493600,9499500;;LARDO DO PAISSANDU;51;8 ANDAR CONJUNTO 816;CENTRO;01001000;SP;7107;;;;;;;;;
06879171;0001;19;1;;08;20071227;54;;;20040803;3101200;1622602;RUA;SETE DE SETEMBRO;600;;CENTRO;98680000;RS;6077;;;;;;;;;
06879192;0001;34;1;S.M. ASSESSORIA DE COBRANCA;08;20150209;73;;;20040723;8291100;;RUA;JOEL DIBO;225;;VILA CIDADE;79002060;MS;9051;067;3253004;;;;;;;
38516928;0001;04;1;;08;20170306;01;;;19911127;8711502;;AVENIDA;MONSENHOR RAFAEL;740;;JOHN KENNEDY;35182419;MG;5373;;;;;;;;;
02947888;0001;08;1;ECOLOGIC;04;20181206;63;;;19990126;7119799;7119704;AVENIDA;VIA EXPRESSA;1000;B;CINCAO;32371610;MG;4371;;;;;;;;;
06879308;0001;35;1;CTN;02;20240305;00;;;19811203;8211300;0111302,0113000,0115600;AVENIDA;DOM LUIS;807;      SL PV20 SL PV21;MEIRELES;60160230;CE;1389;85;34727434;;;;;;;
04714430;0001;26;1;;08;20110923;01;;;20011010;7020400;8550301,8550302;RUA;JOAO LOPES;419;;CENTRO;37115000;MG;4859;35;5731354;;;;;;;
01328908;0001;91;1;APOIO DA CONSTRUCAO;08;20050615;01;;;19960724;4744099;5211701,4744001,4741500,4744002,4744003,4742300;PRACA;RUI BARBOSA;215;      CENTRO;CENTRO;46850000;BA;3375;75;33262141;75;33262141;33;262141;tododia@gmail.com;;
38518155;0001;97;1;;08;20070816;54;;;19930621;4930202;;RUA;CAMPO GRANDE;51;;CARAVELAS;35160350;MG;4625;;;;;;;;;
57719684;0001;01;1;;08;20170210;01;;;19880914;4313400;4530703,4311801,4330404,4330405,4391600,4399104,4399199;RUA;DOS LIRIOS;87;;JARDIM BELA VISTA;14210000;SP;6653;;;;;;;;;
04714714;0001;12;1;PONTO A PONTO;08;20100112;54;;;20010928;4755502;;RUA;SANTA CATARINA;240;242;CENTRO;09510120;SP;7077;;;;;;;;;
06879836;0001;94;1;COMEDORIA TELHEIRO;04;20231116;63;;;20040715;5611203;;AVENIDA;AGAMENON MAGALHAES;444;      114                       PISO 2;MAURICIO DE NASSAU;55012290;PE;2381;81;32232007;;;;;;;
06879859;0001;07;1;G & S PLASTICOS;04;20210407;63;;;20040726;3839499;3832700;RUA;REAL;874;;ILHA DE SAO JOAO;43700000;BA;3913;;;;;;;;;
06879895;0001;62;1;OPUS I;04;20181107;63;;;20040803;7711000;;AVENIDA;HERMES DA FONSECA;1031;LOJA 01;TIROL;59014615;RN;1761;;;;;;;;;
75876706;0001;10;1;AGESC;02;20050924;00;;;19820202;9430800;9493600,9499500;RUA;DOM JAIME CAMARA;248;;CENTRO;88015120;SC;8105;;;;;;;;;
38522751;0001;40;1;COLEGIO EDUCARE DE CURVELO;04;20190124;63;;;19921023;8513900;;RUA;BARAO DO RIO BRANCO;316;;CENTRO;35790000;MG;4417;;;;;;;;;
01329472;0001;55;1;;02;20001223;00;;;19960718;1531901;1540800;RUA;01;59;;RESIDENCIAL AERO PARK;16201130;SP;6229;18;97507133;;;18;36412922;J.B.CALCADOS@GMAIL.COM;;
06880370;0001;47;1;DAUMETAIS;02;0;00;;;20040716;2592602;;AVENIDA;PRESIDENTE KENNEDY;865;FUNDOS;MARROCOS;94045160;RS;8683;51;34310000;;;51;30421471;FINANCEIRO@ARTEMOLAS.COM.BR;;
38525689;0001;40;1;SKILL INFORMATICA;02;20051103;00;;;19930916;6203100;6202300;RUA;ENGENHEIRO LUIZ ANTONIO GONZAGA;55;LOJA 2;CENTRO;35790000;MG;4417;38;37222928;;;;;SKILL@SKILLNET.COM.BR;;
75881490;0001;81;1;COMERCIAL ALIANCA;02;20051103;00;;;19670306;4744001;;AVENIDA;19 DE AGOSTO;652;;CENTRO;87360000;PR;7569;;;;;;;RICARDOSUNAYAMA@YAHOO.COM.BR;;
02948749;0001;90;1;;04;20181010;63;;;19990119;9412099;;AVENIDA;DOS IMARES;498;;INDIANOPOLIS;04085000;SP;7107;011;55110493;;;;;;;
38527651;0001;07;1;SANTINHO ANTIGUIDADES;08;20140613;01;;;19900531;3101200;;RUA;PORTO ALEGRE;209;;JD COL DE PASSOS;37900266;MG;4957;;;;;;;;;
02948866;0001;54;1;TECHJET EQUIPAMENTOS E SUPRIMENTOS PARA INFORMATICA;08;20150209;73;;;19990122;4751201;;AVENIDA;SAO MIGUEL;4210;1 ANDAR SALA 04;PONTE RASA;03870000;SP;7107;;;;;;;;;
07692308;0001;94;1;;04;20210318;63;;;20051108;5611203;;RUA;ANDRE BARBI;43;;DOM BOSCO;88303176;SC;8161;47;33488848;;;;;NADIO@REDEL.COM.BR;;
06880903;0001;90;1;;08;20150209;73;;;20040726;8011101;8020001;LARGO;DE SAO FRANCISCO DE PAULA;26;SALA 1107;CENTRO;20051070;RJ;6001;21;38523773;;;;;;;
04715858;0001;93;1;;02;0;00;;;20010911;8211300;;RUA;JOSE ROBERTO MONCAYO;260;;JARDIM GONCALVES;18016585;SP;7145;15;97090197;;;;;ROGERIO-WILLIAN@UOL.COM.BR;;
06880972;0001;02;1;;08;20150209;73;;;20040709;4391600;;RUA;21;02A;CONJ. AUGUST M.NEGRO;LIRIO DO VALE;69044781;AM;0255;;;;;;;;;
04715921;0001;91;1;CASA DE CARNE CANAA;02;20050806;00;;;20011010;4722901;;RUA;CATIGUA;287;;VILA CELSO MOUAD;15809190;SP;6323;;;;;;;;;
06881011;0001;04;1;ROSE FASHION INSTITUTO DE BELEZA;08;20150209;73;;;20040722;9602501;;CONDOMINIO;RK CONJ. CENTAUROS LOTE 26 LOJA;02;AVENIDA  COMERCIAL;SOBRADINHO;73252900;DF;9701;61;3023721;;;;;;;
02949127;0001;87;1;;08;20150209;73;;;19990105;4930201;;RUA;AURORA;747;;VILA TIBERIO;14050100;SP;6969;;;;;;;;;
57732794;0001;03;1;;08;20081231;71;;;19881011;9430800;9493600,9499500;RUA;OPERARIA;61;SALA 2;PAE-CARA;11472180;SP;6475;;;;;;;;;
06881113;0001;20;1;ECOLOG ENGENHARIA;02;0;00;;;20040802;7112000;7732201,4211101,4313400,4213800,6399200,4291000,8299799,7111100,4930202;RUA;HENRIQUE NOVAES;76;SALA  302                 EDIF  AUGUSTO RUSCHI;CENTRO;29010490;ES;5705;27;33433885;;;27;32861456;jocineialcantara@terra.com.br;;
20570081;0001;72;1;;02;20220108;00;;;19890405;8711502;;RUA;DIREITA;25;;CENTRO;39100000;MG;4431;;;;;;;;;
57733958;0001;09;1;;08;20081231;71;;;19881111;9491000;;RUA;MANOEL NASCIMENTO JR;352;;PRQ BITARU;11330220;SP;7121;;;;;;;;;
06881276;0001;02;1;RED STAR;04;20181016;63;;;19960523;4687703;;RUA;SEVERA;540;;VILA MARIA BAIXA;02111000;SP;7107;11;26319663;11;29542563;11;26319663;redstarmetais@hotmail.com;;
06881324;0001;62;1;;02;20230217;00;;;20040721;8299799;6399200,7410299,7490105,7490199,8219999,8299703,8299707;RUA;ANTONIO CARLOS;38;BOX 5553;CENTRO;34300000;MG;5095;031;32737222;;;;;;;
57734758;0001;70;1;CASA DA ACOLHIDA DE MARIA;08;20081231;71;;;19881215;8711502;;RUA;DR ISIDORO J R DE CAMPO;37;;PONTA DA PRAIA;11030000;SP;7071;;;;;;;;;
06881484;0001;01;1;ELO HOLDINGS LTDA;08;20150209;73;;;20040723;6462000;;AVENIDA;MARECHAL FLORIANO PEIXOTO;2976;SALA F;PAROLIN;80220000;PR;7535;041;30286669;;;;;;;
20572335;0001;91;1;FUNAPEC;08;20211202;10;;;19881228;0162899;;RUA;VANIA LUCIA;SN;;CLARINDO DE PAIVA;39200000;MG;4381;;;;;;;;;
06881645;0001;67;1;;04;20190206;63;;;20040713;6203100;6202300;RUA;ANDRE FERNANDES;114;;CENTRO;06501050;SP;7047;11;41544649;;;;;;;
02949605;0001;59;1;REVISTARIA E LIVRARIA JUSSARA;04;20181004;63;;;19990118;4761002;;RUA;XV DE NOVEMBRO;186;SEDE;CENTRO;83350000;PR;7709;041;9785654;;;041;4621750;;;
06881758;0001;62;1;CRISTINA REPRESENTACOES;08;20150209;73;;;20040803;4619200;;RUA;DONA SEBASTIANA;160;CONJUNTO 101;SAO JOAO;91110390;RS;8801;;;;;;;;;
06881801;0001;90;1;NF EMPREENDIMENTOS IMOBILIARIOS;02;20211021;00;;;20040802;6822600;6810202,6810201,6821801,4110700;AVENIDA;DOUTOR JOAO LUIZ DE ALMEIDA;891;"LETRA: B;";VILA GUILHERMINA;39400466;MG;4865;38;97397462;;;38;32159522;NFEMPREENDIMENTOSIMOBILIARIOS@HOTMAIL.COM;;
06881818;0001;47;1;PARTIDO REPUBLICANO PROGRESSISTA - PRP;01;20040710;16;;;20040710;9492800;;AVENIDA;CELSO BARROSO;124;;CENTRO;62690000;CE;1571;;;;;;;;;
06881839;0001;62;1;;08;20171027;01;;;20040628;8211300;;ESTRADA;DO CARACOL;112;;INGAHI;06696020;SP;6551;011;41922005;;;011;41922947;;;
57740789;0001;34;1;P V R B;02;20051103;00;;;19900702;9491000;;RUA;CORONEL JEREMIAS JUNIOR;84;;CENTRO;11900000;SP;6953;;;;;;;;;
04716987;0001;04;1;;04;20190116;63;;;20011003;9430800;;;ASSENTAMENTO VILA BOM JARDIM;S/N;;ZONA RURAL;65380000;MA;0955;098;6521189;;;;;;;
01330758;0001;50;1;;04;20201029;63;;;19960715;4744005;;RUA;HENRIQUE BRAGA;518;;MADUREIRA;21341180;RJ;6001;021;3901637;;;;;;;
06882231;0001;52;1;;08;20170331;01;;;20040803;4639701;4686901,4641901,4623109,4644302,4646002,4649408,4686902,4637199;RUA;JULIO MESQUITA;160;;ITAIPU;30692460;MG;4123;31;33944570;;;;;;;
04717208;0001;87;1;CANTAO;08;20070315;01;;;20010926;4781400;;RUA;JOSE BENTO RIBEIRO DANTAS;116;LOJA 21;CENTRO;28950000;RJ;0770;;;;;;;;;
04717219;0001;67;1;BOMBONIERE E LANCHETERIA DOCE ENERGIA;08;20090302;01;;;20010924;4721104;;RUA;SAO PROSPERO;87;;JARDIM MARINGA;03524050;SP;7107;11;62465797;;;11;62465952;;;
02950299;0001;70;1;PRO-HOUSE EDICAO DE LIVROS;02;20051103;00;;;19981201;5811500;;RUA;GUSTAVO SAMPAIO;00336;      APT 801;LEME;22010010;RJ;6001;21;85486360;;;21;25240093;HELENA@HAMILTONQUIRINO.COM.BR;;
20582276;0001;32;1;;08;20110914;01;;;19850425;4744005;;AVENIDA;GOVERNADOR VALADARES;1461;;CENTRO;38610000;MG;5407;;;;;;;;;
02950330;0001;73;1;;08;20020214;01;;;19990105;8299706;;RUA;BAIA GRANDE;16;;VILA BELA;03202000;SP;7107;011;2780106;;;011;2780106;;;
20583282;0001;04;1;;02;20051103;00;;;19910730;9491000;;RUA;PADRE JOCA;34;;PARACATUZINHO;38603238;MG;4939;38;99147503;;;;;ACAOHERMAK@HOTMAIL.COM;;
04717557;0001;07;1;HECLA REPRESENTACOES;02;20181030;00;;;20011008;4616800;;RUA;MINISTRO DE GODOI;553;;PERDIZES;05015000;SP;7107;11;39040148;;;16;6256143;f.n.santos@terra.com.br;;
20583944;0001;46;1;;02;20051103;00;;;19890512;9430800;9493600,9499500;RUA;AUGUSTO DAYRELL;320;;JARDIM SAO GERALDO;39243000;MG;4621;38;99006179;;;;;CLIENTE@CONTERRECONTABILIDADE.COM.BR;;
01331258;0001;33;1;;08;20081231;71;;;19960725;8711502;;RUA;ESTR ROMBENSO;291;;CENTRO;06097120;SP;6789;;;;;;;;;
07843803;0001;57;1;ALPHA ELEVADORES;04;20210318;63;;;20060217;4329103;4669999,4789099;RUA;LEO AUGUSTO DA SILVA;SN;      SALA;SERRARIA;88115350;SC;8327;48;32465662;48;99967462;48;99945348;ALPHAELEVADORES@BOL.COM.BR;;
06882894;0001;77;1;;08;20041231;01;;;20040805;9492800;;RUA;MANOEL CAMELO LACERDA;323;CASA;CASTELO BRANCO III;58039170;PB;2051;;;;;;;;;
57748469;0001;20;1;;08;20150209;73;;;19870717;8640299;8640206,8640207,8640208,8640209,8640213;RUA;BENTO DE ANDRADE;501;;JARDIM PAULISTA;04503011;SP;7107;;;;;;;;;
04717891;0001;52;1;VISUAL SOFTWARE;02;20011018;00;;;20011018;6201501;4751201,9511800;AVENIDA;TARUMA;1833;"SALA: 201;";CENTRO;85460000;PR;7955;46;35322005;;;46;35322005;LUCAS@VISUALSOFTWARE.INF.BR;;
04717912;0001;30;1;;02;20051103;00;;;20011011;4619200;6821801,6821802,7490199;RUA;OTAVIO RODRIGUES DA CUNHA;272;SALA  01;JARDIM KARAIBA;38411176;MG;5403;34;99718201;;;34;32123030;LEOPOLDO@NATTY.COM.BR;;
06883147;0001;53;1;;08;20041231;01;;;20040805;9492800;;RUA;CLEMENTINO RIBEIRO;207;;CENTRO;64800002;PI;1077;;;;;;;;;
06883214;0001;30;1;;08;20041231;01;;;20040805;9492800;;RUA;SAO BENEDITO;560;;SETE PORTAS;44460000;BA;3623;;;;;;;;;
01331543;0001;54;1;;04;20180911;63;;;19960722;9430800;9493600,9499500;;LOC  PALMEIRAS;S/N;;ADRIANOPOLIS;62430000;CE;1395;;;;;;;;;
06883289;0001;10;1;;08;20041231;01;;;20040805;9492800;;RUA;MINAS GERAIS;781;;OESTE;77600000;TO;9519;;;;;;;;;
04718072;0001;20;1;;04;20220106;63;;;20011009;6920601;;;TV. FRANCISCO DE LEONARDO TRUDA;40;CONJ. 167;CENTRO;90010050;RS;8801;51;32122565;;;51;32122565;proconta-bombassaro@terra.com.br;;
06883387;0001;58;1;;08;20041231;01;;;20040805;9492800;;;QNH;3;LT 36;BRASILIA;70002900;DF;9701;;;;;;;;;
06883447;0001;32;1;;08;20041231;01;;;20040805;9492800;;RUA;FERNANDO CORREIA;1151;;CENTRO;78195000;MT;9059;;;;;;;;;
06883485;0001;95;1;;08;20041231;01;;;20040805;9492800;;RUA;JOAO VASCONCELOS PORTO;132;;CENTRO;58180000;PB;2123;;;;;;;;;
04718288;0001;95;1;ANALYSES ENGENHARIA AMBIENTAL;08;20060117;01;;;20011016;8299799;6399200,7410299,7490105,7490199,8219999,8299703,8299707;RUA;BENTO GONCALVES;1016;SALA 407;CENTRO;95900010;RS;8729;;;;;;;;;
20602579;0001;70;1;;02;20051103;00;;;19850429;6810203;;RUA;ENGENHEIRO CARLOS MATA MACHADO;321;;CENTRO;35790000;MG;4417;38;37217637;;;;;CONTABILIDADERB.CURVELO@GMAIL.COM;;
04718587;0001;20;1;;08;20081231;71;;;20010924;4530703;;AVENIDA;SENADOR TEOTONIO VILELA;6183;LOTE 11 QUADRA 02;JARDIM ORBAN;04833001;SP;7107;;;;;;;;;
57757197;0001;25;1;;02;20051103;00;;;19870612;6911701;;RUA;ROMA;620;CONJ  73 B                ANDAR 7;LAPA;05050090;SP;7107;11;38130911;;;;;ESCRIBA@ESCRIBACONT.COM.BR;;
04718745;0001;41;1;FESTAS & FESTAS;04;20181011;63;;;20010928;9329899;;AVENIDA;BENVINDO DE NOVAES;1.560;;RECREIO DOS BANDEIRANTES;22780160;RJ;6001;021;25247737;;;;;;;
07566461;0001;75;1;SULVELOX INFORMATICA;04;20210318;63;;;20050831;4751201;4753900;RUA;RUA WASHINGTON LUIZ;90;SALA  05;PINHEIRINHO;88804497;SC;8089;48;11111111;;;48;30456099;SULVELOXINF@HOTMAIL.COM;;
06884348;0001;75;1;;08;20041231;01;;;20040805;9492800;;RUA;JOAO SALVIANO;191;;CENTRO;58770000;PB;1997;;;;;;;;;
04719103;0001;67;1;;02;20011004;00;;;20011004;9430800;9493600,9499500;RUA;COELHO NETO;311;;JD. GUANABARA;13023020;SP;6291;;;;;;;;;
06884484;0001;65;1;;08;20041231;01;;;20040805;9492800;;RUA;MATO VERDE;228;;CATUTI;39527000;MG;4819;;;;;;;;;
57761991;0001;42;1;;04;20210312;63;;;19870728;1412601;1412603;RUA;BARAO DE LADARIO;670;"ANDAR: 3; LOJA: 372/373; : SHOPPING SP MEGA MIX;";BRAS;03010000;SP;7107;11;28866323;;;;;;;
57763161;0001;54;1;;04;20181023;63;;;19870727;4642701;;RUA;DA PRAIA DOS LAVRADORES;20;TERREO, 1,2 E 3 ANDAR;BRAS;03010040;SP;7107;11;66935141;11;66935142;11;66935143;contal_abaete@uol.com.br;;
04719406;0001;80;1;;04;20180906;63;;;20011018;4929902;;RUA;EUZEBIO CIRILO DE SOUZA;05;;CENTRO;29630000;ES;0758;27;37331352;27;37331300;;;badarocontabilidade@hotmail.com;;
04719418;0001;04;1;SULIMAR MODAS;08;20020920;01;;;20010920;4781400;;RUA;SETE DE SETEMBRO;1.057;2;RESID. LUNARDELLI;15805070;SP;6323;;;;;;;;;
38561601;0001;46;1;BAR E CASA DE CARNE CHURRASCO NA BRASA;08;20001020;01;;;19900507;4722901;;RUA;ANTONIO A REZENDE;127;;CENTRO;37940000;MG;4037;;;;;;;;;
04719476;0001;38;1;;02;20220526;00;;;20011004;6201501;6209100,6204000,6202300,4751201,4742300,3321000;AVENIDA;PAULISTA;2028;COND  PREDIO;BELA VISTA;01310927;SP;7107;11;27282272;;;;;FIDELISALMEIDA@YAHOO.COM.BR;;
02952201;0001;14;1;;08;20050426;01;;;19990128;9511800;3314709;RUA;ILLO OTTANI;166;ANEXO 3;VILA MONTEIRO;08555620;SP;6897;;;;;;;;;
06885077;0001;72;1;PERSONAL RENT A CAR LTDA ME;08;20201016;01;;;20040730;7711000;;RUA;MAJOR JOAQUIM ANTONIO CAMPOS;5760;;CENTRO;88140000;SC;8309;48;33480778;;;;;costaricardo@brturbo.com;;
02952352;0001;72;1;AAFIRP;02;20051103;00;;;19990112;9412099;;RUA;LAFAIETE;1000;SALA  33;CENTRO;14015080;SP;6969;16;34214571;;;;;AAFIRP@AAFIRP.ORG.BR;;
06885119;0001;75;1;WARM PARTICIPACOES;04;20240830;63;;;20030829;4110700;;RUA;ROTA DOS IMIGRANTES;620;;CENTRO;13825000;SP;2953;019;38021011;;;019;38021011;;;
75948430;0001;39;1;;02;20011020;00;;;19730920;2593400;;RUA;BARAO DO RIO BRANCO;960;CX. POSTAL 90;CENTRO;85901180;PR;7927;;;;;;;;;
38566386;0001;76;1;COMERCIAL CARDOSO;02;20050604;00;;;19900504;1623400;1610203,1629301,4671100,4744002;FAZENDA;OLHOS DAGUA;SN;;ZONA RURAL;39550000;MG;5359;38;91980706;;;;;FORMULACONTABIL@OUTLOOK.COM;;
04720064;0001;18;1;;02;20240106;00;;;20011008;4752100;;RUA;MARIA C PANICA;253;;PRESIDENTE ALTINO;06210070;SP;6789;011;36824440;;;;;;;
02952668;0001;64;1;CAMPELO MOTORS;02;20210812;00;;;19980814;4511102;4313400,4511101,4647801,4649499,4686902,4687702,4689399,7711000;RUA;MOTO PERPETUO;193;;JARDIM GUANABARA;04860220;SP;7107;11;41148002;;;;;JCAMPELOCOSTA@YAHOO.COM.BR;;
75956185;0001;01;1;;02;20051103;00;;;19741213;4930202;;RUA;BARAO DO RIO BRANCO;822;;CENTRO;85901180;PR;7927;;;;;;;;;
06885616;0001;73;1;;08;20071011;01;;;20040722;7020400;8550301,8550302;RUA;FREDERICO HUBNER;214;;AMERICA;89204280;SC;8179;;;;;;;;;
01333505;0001;30;1;APADERJ;04;20220609;63;;;19960423;9430800;9493600,9499500;RUA;MAESTRO DJALMA DO CARMO;121;;CENTRO;26540120;RJ;5863;21;27911158;21;37615639;21;37615639;factualcontabil@uol.com.br;;
01333521;0001;23;1;;08;20230320;01;;;19960723;4617600;;AVENIDA;PRES.JUSCELINO KUBITSCHEK DE OLIVEIRA;1317;APTO. 01- SALA 01;ZONA 02;87010440;PR;7691;44;30251918;;;44;30251918;;;
02952936;0001;48;1;;02;20050827;00;;;19990125;5620101;1413402,1822901,1822999,3312103,3314707,3702900,3811400,4213800,4311802,4313400,4329104,4399104,4511101,4511102,4649499,4686902,4721102,4729699,4751201,4753900,4754701,4755503,4761003,4763601,4772500,4781400,4789005,4923002,4930201,4930204,5223100,5229002,5229099,5620102,7711000,7719599,7732201,8020001,8121400,8130300,8230002,9601701;AVENIDA;22 DE MAIO;6054;      SOB-SOLO;CENTRO;24800065;RJ;5837;21;26352075;;;;;;;
20626180;0001;29;1;ALFATELE;02;20051103;00;;;19701118;4752100;;AVENIDA;BRASIL;2472;LOJA 1;CENTRO;35020070;MG;4553;33;32715710;;;;;;;
04720478;0001;47;1;;04;20181122;63;;;20011009;4712100;;RUA;MOEMA;282;;CRUZEIRO;89290000;SC;8311;;;;;;;;;
57776643;0001;49;1;;08;20150209;73;;;19870730;4759801;;AVENIDA;REGENTE FEIJO;483;;AGUA RASA;03342000;SP;7107;;;;;;;;;
02953281;0001;22;1;IGREJA;02;20190521;00;;;19990113;9491000;;RUA;C;40;;SETOR NORDESTE;73814530;GO;9361;;;;;;;;;
07737235;0001;00;1;;04;20210318;63;;;20051207;4530704;4313400;RUA;ULISSES FARIA;1.115;SALA  01;CENTRO;83900000;PR;7887;42;35321437;;;47;36241390;lg_contabilidade@brturbo.com.br;;
01334066;0001;80;1;DROGARIA REGIONAL;04;20180911;63;;;19960729;4771701;;AVENIDA;MARECHAL DEODORO;405;;XV DE NOVEMBRO;38200000;MG;4541;;;;;;;;;
04721111;0001;48;1;SOLEMAGIA TURISMO;02;20230223;00;;;20011009;7911200;7912100,7990200;AVENIDA;SETE DE SETEMBRO;3835;LOJA 05;BARRA;40140110;BA;3849;71;91759197;;;;;mdborgcontabil@uol.com.br;;
06886551;0001;80;1;;08;20090330;54;;;20040706;4781400;;RUA;DR COSTA AGUIAR;86;;CENTRO;13010060;SP;6291;;;;;;;;;
06886640;0001;27;1;;02;20220711;00;;;20040525;6462000;;RUA;PADRE ANCHIETA;2443;SALA - 13;BIGORRILHO;80420011;PR;7535;;;;;;;;;
06886730;0001;18;1;SPACO;08;20210521;01;;;20040715;5223100;;RUA;LUIS GOIS;864;;MIRANDOPOLIS;04043050;SP;7107;;;;;;;;;
75971374;0001;53;1;;02;20051103;00;;;19740328;2342702;;RUA;NICOLA PELANDA;5925;;UMBARA;81930360;PR;7535;41;3481814;;;41;3481713;;;
06886960;0001;87;1;THORUS SCISOFT;08;20200203;01;;;20040721;6203100;6202300,4614100,8599604,6204000;RUA;FRANCISCO GLICERIO;1561;SALA  01;VILA EMBARE;13271200;SP;7225;19;33813031;;;19;33813031;ANTONIOCARLOS@PROJECTNEGOCIOS.COM.BR;;
57784530;0001;95;1;PACS;08;20150209;73;;;19870805;1412601;1412603;RUA;MIRAGAIA;429;;BUTANTA;05511020;SP;7107;;;;;;;;;
02953949;0001;31;1;SISTEMA GENESE DE ENSINO;04;20181009;63;;;19990128;8513900;;RUA;82;429;QD. F-16 ST. 41;SETOR SUL;74083010;GO;9373;062;9412018;;;;;;;
06887234;0001;89;1;;04;20220608;63;;;20040702;9430800;9493600,9499500;DISTRITO;DE ANA TERRA;SN;;ANA TERRA;78555000;MT;9763;66;5471972;;;066;5471973;;;
04721797;0001;77;1;ELETRICA SANTA MARIA;04;20181121;63;;;20011017;4689399;4649499,4669999;RUA;DOS POLIMEROS;2000;POLO DE APOIO;POLO;42810220;BA;3413;;;;;;;;;
06887559;0001;61;1;;04;20190329;63;;;20040721;4712100;;RUA;RONDA ALTA;279;;INDUSTRIAL;95170010;RS;8655;;;;;;;;;
04722084;0001;28;1;;08;20081027;02;;;20010924;6491300;;RUA;VEMAG;303;A SALA A;IPIRANGA;04217050;SP;7107;;;;;;;;;
02954305;0001;68;1;;02;20051103;00;;;19981203;5611203;;AVENIDA;ESPERANTINA;140;;JARDIM NORDESTE;03692000;SP;7107;;;;;;;;;
06887885;0001;79;1;;08;20180704;01;;;20040729;4761003;;RUA;ROMAO BRUNO;238;;PQ DAS INDUSTRIAS;13309664;SP;6579;;;;;;;;;
38588372;0001;53;1;ZIMEDICAL;02;20050924;00;;;19900604;4664800;3312102,3313999,4645101,4649402,4669999,4753900,7020400,7739002,7739099;RUA;DONA ALEXANDRINA;96;;CAICARAS;31230030;MG;4123;31;32236775;;;;;MAURICIO@ZIMEXBRASIL.COM.BR;;
01335149;0001;94;1;;08;20020709;01;;;19960725;9521500;;RUA;JOSE BONIFACIO;1063;;CRUZEIRO;95074240;RS;8599;;;;;;;;;
01335172;0001;89;1;CHEIRO DE FAZENDA;04;20241127;32;;;19960729;4789099;;LOTEAMENTO;PARQUE RIBEIRAO;S/N;CASA;ALTINA ALVES;46960000;BA;3687;75;2512470;;;;;ordec@sendnet.com.br;;
01335201;0001;02;1;;08;20081231;71;;;19960729;9430800;9493600,9499500;;ENG  BADALEJO;S/N;;ZONA RURAL;55550000;PE;2307;;;;;;;;;
06888680;0001;08;1;;04;20231026;63;;;20040730;7911200;4752100,7912100,7990200;RUA;SAO PAULO;32;SALA 604;CENTRO;60030100;CE;1389;85;32535456;;;;;;;
75990176;0001;37;1;;02;20050924;00;;;19820111;4930202;4930201,4930203;RUA;JORGE ALVES RIBEIRO;948;;CONRADINHO;85055040;PR;7583;;;;;;;;;
01335545;0001;11;1;MN EXPRESS SERVICOS;04;20210426;63;;;19960729;5320201;;RUA;MELQUIADES CALMON;162;      B;CENTRO;46880000;BA;3595;75;32511285;;;;;mlntransportes@hotmail.com;;
01335583;0001;74;1;VIDRACARIA CRISTAL;08;20081231;71;;;19960729;4744005;;AVENIDA;VENEZUELA;1;;NACOES;83820001;PR;9983;;;;;;;;;
06889044;0001;09;1;;04;20190122;63;;;20040709;4618499;4618401,4618402,4618403;RUA;MIGUEL DE CASTRO;62;SALA 04;CENTRO;35300028;MG;4267;;;;;;;;;
20664264;0001;57;1;;02;19980728;00;;;19811113;9491000;;RUA;MANOEL PENA;513;;AMERICO SILVA;35590000;MG;4743;;;;;;;;;
75995431;0001;34;1;MADEIRAS AJE;02;20051103;00;;;19820126;4744002;;AVENIDA;ANITA GARIBALDI;3736;SALA;BARREIRINHA;82210000;PR;7535;;;;;;;;;
02955541;0001;07;1;;08;20151215;01;;;19990129;4781400;;AVENIDA;BRASIL;3620;SALA-B;CENTRO;87013000;PR;7691;044;2233687;;;;;;;
01774678;0001;94;1;;08;20160105;01;;;19860303;4742300;;RUA;CAPITAO SILVERIO;234-A;;VILA SANTANA;75113580;GO;9221;62;3212043;;;;;;;
02955623;0001;43;1;;02;20240828;00;;;19861029;9491000;;RUA;MELANIAS BARBOSA;508;;B TAQUARUSSU;79006190;MS;9051;67;91010359;;;;;ARRUDAPR1965@GMAIL.COM;;
07964575;0001;73;1;;02;20241004;00;;;20060425;4110700;4120400;RUA;NATAL;126;SALA  9;COUNTRY;85813293;PR;7493;45;33062618;;;;;ATENDIMENTO@SSIMOVEIS.NET.BR;;
01336257;0001;81;1;;08;20150209;73;;;19960403;9430800;9493600,9499500;;LOC  CAMPO DA ESTIVA;SN;;CAMPO DA ESTIVA;89340000;SC;8159;;;;;;;;;
04724022;0001;55;1;;08;20150209;73;;;20010816;9430800;9493600,9499500;AVENIDA;DOM JOSE GASPAR;500;PUC;CORACAO EUCARISTICO;30535610;MG;4123;;;;;;;;;
38601894;0001;48;1;OSVALDO VEICULOS;04;20190117;63;;;19900612;5223100;;RUA;BARBARA HELIODORA;594;;CENTRO;35010040;MG;4553;;;;;;;;;
57806416;0001;19;1;COLEGIO AGNUS DEI UNIDADE VINICIUS DE MORAES;02;20051103;00;;;19870717;8513900;;AVENIDA;CARLOS OBERHUBER;408;;VILA SAO JOSE;04836130;SP;7107;;;;;;;;;
06889855;0001;00;1;VIDA URGENTE;04;20181030;63;;;20040715;8622400;;RUA;INTENDENTE ALFREDO AZEVEDO;581;CONJ. 01;GLORIA;91710010;RS;8801;;;;;;;;;
57807232;0001;73;1;;08;20041201;01;;;19870722;8230001;;AVENIDA;IRERE;736;;PLANALTO PAULISTA;04064002;SP;7107;;;;;;;;;
02956165;0001;67;1;SHUNGKING;02;20040312;00;;;19990112;5611201;;RUA;MARECHAL FLORIANO;145;APT   703;CENTRO;96810002;RS;8839;51;37158400;;;051;7156400;;;
06890182;0001;08;1;CAMARGO REPRESENTACOES;08;20080724;01;;;20040722;4617600;;RUA;VINTE DE SETEMBRO;2021;;MARIA DO CARMO;97670000;RS;8863;55;4311793;;;;;;;
20675419;0001;50;1;O MUNDO DOS OCULOS;04;20220607;63;;;19781127;4774100;;AVENIDA;RIO BRANCO;156;;LIDICE;38400058;MG;5403;34;32576500;;;034;2326500;LEGALIZACAO@AUDICONCONTADORES.COM.BR;;
04724686;0001;14;1;AUTO ELETRICA MARPEL;08;20190612;01;;;20011017;4530703;;RUA;CM 11;164;QUADRA10                  LOTE  08;SETOR CANDIDA DE MORAIS;74463250;GO;9373;62;32971046;62;32971046;62;32971046;sandro.graziani@hotmail.com;;
06890499;0001;36;1;PECAS R.S.;02;0;00;;;20040805;4530701;;RUA;HIGINO LUIZ GONZAGA;150;;ROCADO;88108360;SC;8327;48;32572228;48;32595777;48;32571163;jonas@jonascontabilidade.net;;
04724840;0001;58;1;EL SHADDAI - POLIMENTOS;08;20150209;73;;;20011018;4520005;;RUA;JAVAE;34;;JD FESTUGATO;85864120;PR;7563;;;;;;;;;
04724901;0001;87;1;;02;20051103;00;;;20011016;1414200;1412601;RUA;JOAQUIM SERAFIM ALVES;607;A;CENTRO;36906015;MG;4787;;;;;;;;;
04724976;0001;68;1;SECURITY BAG;04;20181016;63;;;20011009;7739099;;RUA;BARONESA DE BELA VISTA;735;2 ANDAR CJTO 22;JARDIM AEROPORTO;04612002;SP;7107;11;50732436;;;11;50732249;;;
04725020;0001;80;1;DUENIU'S CONFECCOES E CASA DA FARINHA;04;20181106;63;;;20011015;1414200;1510600;RUA;DO TURISMO;S/N;QD.09 - LT.08;TURISTA I;75680001;GO;9289;;;;;;;;;
01337202;0001;96;1;PEQUENO AUTO ESTUFA;02;20051103;00;;;19960723;4520002;4520001;AVENIDA;MARTIM FRANCISCO;1100;;VILA LUCINDA;09230700;SP;7057;11;25643427;;;;;pequeno.automotivos@hotmail.com;;
02956843;0001;91;1;EXCELENCIA SERVICOS E TRANSPORTES;04;20180918;63;;;19990201;8129000;4120400,8020001,5250804,4929902,4923002,7732201;RUA;BRILHANTE;2080;;VILA BANDEIRANTES;79006560;MS;9051;67;30282825;67;30282825;67;30282825;mileniocontabilidadems@hotmail.com;;
04725259;0001;50;1;;02;20011008;00;;;20011008;8650006;4773300,8599604;AVENIDA;GENERAL CANDIDO COSTA;24;SALA  603;CENTRO;95700970;RS;8541;54;34527125;;;;;;;
04725366;0001;89;1;BULEGON RACOES;08;20091002;01;;;20011011;8599699;;RUA;7 DE SETEMBRO;080;;CENTRO;85950000;PR;7739;044;6494293;;;;;;;
76026830;0001;50;1;;02;20221011;00;;;19740617;4619200;;RUA;BRIGADEIRO FRANCO;4054;APT   112 ANDAR : TR;REBOUCAS;80220100;PR;7535;41;32463673;;;41;32463673;doloresj@terra.com.br;;
07724616;0001;54;1;CONSTRUMAR;04;20210319;63;;;20050920;4744099;;RODOVIA;AMARAL PEIXOTO;07;LOTE 07 QUADRA 04;UNAMAR;28927000;RJ;5813;22;26438481;22;26438481;22;26438481;;;
57819278;0001;02;1;;02;20000701;00;;;19870804;8211300;7020400,8299799;CALCADA;DAS PRIMAVERAS;31;SALA  02;CONDOMINIO CENTRO COMERCIAL ALPHAVILLE;06453046;SP;6213;11;32152154;;;;;DIMAGUTI@BOL.COM.BR;;
04725799;0001;34;1;CONSTRUTORA BURITI;04;20210401;63;;;20011008;4120400;4299501;;PRESIDENTE VARGAS;474;;CENTRO;65370000;MA;0867;98;6542414;;;;;;;
07999794;0001;98;1;;02;20211015;00;;;20060424;4930202;4631100,4639701,4721103,4721104,4723700,4930201;RUA;DOUTOR ROBERTO KELY;0;;RETIRO (BACAXA);28995107;RJ;5909;22;26652271;;;;;CWEFILHOSTRANSPORTADORA@HOTMAIL.COM;;
05262484;0001;60;1;THALIA EMPREENDIMENTOS;08;20250106;01;;;20020820;4781400;4772500,9602501;RUA;DAS RAPOSAS;13;LOJA  LOJA;SAMBURA (TAMOIOS);28926736;RJ;5813;22;98181008;;;22;27238457;THALIAVIEIRAPIMENTELVIEIRA@GMAIL.COM;;
07855682;0001;63;1;ROTA DO MAR;04;20210319;63;;;20060215;4781400;;RUA;LUIZ CARLOS DE BARROS VIANA;186;ANEXO;PQ IMPERIAL;28022680;RJ;5819;22;27330830;;;;;;;
02957511;0001;21;1;;02;20031004;00;;;19990202;4669999;2631100,4651601,9512600,7739099,4752100;AVENIDA;MAGALHAES DE CASTRO;4800;EDIF  CONTINENTAL TOWER   ANDAR 17                        UNIDADE 171;CIDADE JARDIM;05676120;SP;7107;11;22460052;;;11;56448611;NOEMI.AGENA@ROHDE-SCHWARZ.COM;;
04726176;0001;86;1;;02;20011016;00;;;20011016;6810201;6810202,4110700,4120400,6463800;RODOVIA;RS 389 KM 25;5990;LOTE  05                  QUADRAF                   COND  GREEN VILLAGE;REMANSO;95588000;RS;5785;51;36651800;;;;;;;
57824971;0001;73;1;;08;19990428;01;;;19870804;4712100;;RUA;NIZAL;60;;PICANCO;07080000;SP;6477;;;;;;;;;
02957756;0001;59;1;;04;20180920;63;;;19990118;4399105;;RUA;BORGES DE MEDEIROS;776;D - FUNDOS;SANTA MARIA;89801970;SC;8081;049;7225518;;;;;;;
06892324;0001;68;1;;08;20041231;01;;;20040809;9492800;;RUA;DO BENDEGO;170;;BENDENGO;48130000;BA;3343;;;;;;;;;
06892458;0001;89;1;;08;20041231;01;;;20040809;9492800;;RUA;JOSE VICENTE;78;;CENTRO;39280000;MG;4187;;;;;;;;;
06892480;0001;29;1;;08;20080305;54;;;20040721;7490104;;RUA;JOSE SIQUEIRA;S/N;SALA 2;CENTRO;62300000;CE;1583;;;;;;;;;
02958002;0001;13;1;;08;20160822;01;;;19990129;6622300;;AVENIDA;GETULIO VARGAS;581;E;CENTRO;45120000;BA;3357;;;;;;;;;
57830358;0001;69;1;;08;20081231;71;;;19870807;7722500;;AVENIDA;ALBERTO BYINGTON;1010;;VILA MARIA;02127000;SP;7107;011;69550638;;;;;;;
01338627;0001;10;1;STAR PLUS;02;20231019;00;;;19960731;4774100;;RUA;OSVALDO CRUZ;1761;;ALDEOTA;60125150;CE;1389;;;;;;;;;
06892826;0001;99;1;;08;20041231;01;;;20040809;9492800;;RUA;DR JOSE CUSTODIO DE AZEVEDO;437;;PARQUE SILVANA;62010000;CE;1559;;;;;;;;;
07547423;0001;75;1;;04;20210319;63;;;20050802;4742300;;RUA;CABO CAVALCANTE;276;PARTE;LAGES;26600000;RJ;5871;21;36934020;;;;;;;
04727085;0001;65;1;;02;20051007;00;;;20011005;2539001;2840200,2543800;AVENIDA;BOM PASTOR;905;;JARDIM BOM PASTOR;09051300;SP;7057;11;98641331;;;11;44753010;QUALYMASTER@QUALYMASTER.COM;;
02958656;0001;47;1;PADARIA E CONFEITARIA CUPCAKE;04;20201029;63;;;19981214;1091101;;RUA;MAJOR AUGUSTO CESAR;376;LOJA;ENGENHEIRO BELFORD;25520230;RJ;5901;;;;;;;;;
20702940;0001;30;1;GRAFICA FERREIRA E BRITO;04;20190123;63;;;19781124;5829800;1741902,5819100;RUA;JOSE CONSTANCIO DA SILVEIRA;232;;CENTRO;37130001;MG;4031;;;;;;;;;
07932980;0001;00;1;;04;20210319;63;;;20051226;9521500;;RUA;PEDRO TELES;15;SALA 101;CENTRO;25515031;RJ;5901;21;26671525;21;30660073;21;26693657;;;
04727742;0001;74;1;ASSOCIACAO ATLETICA UNIAO GUARULHENSE;04;20240830;63;;;20010911;9430800;9493600,9499500;RUA;FRANCISCO FOOT;S/N;PREDIO 07 - APTO 31A;GOPOUVA;07051090;SP;6477;;;;;;;;;
08018799;0001;55;1;EXA- RIDS;04;20210319;63;;;20060505;1411801;1414200,1413401,1411802,1412601;TRAVESSA;SUELI;83 B;QT 3;EDEN;25535210;RJ;5901;21;26915809;;;;;;;
20705968;0001;20;1;GRUPO DAS SAMARITANAS;02;19990801;00;;;19790124;9430800;9493600,9499500;RUA;ANITA GONTIJO GARCIA;100;;CENTRO;37250000;MG;4891;35;38611176;;;;;;;
01339514;0001;39;1;HIPER MERCADO GOTARDO;02;20051103;00;;;19850830;4744099;4530705,4755502,4781400,4782201,4744001,4759899,4789099,4752100,4751201,4757100,4530703,4683400,4732600,4753900,5211701;AVENIDA;BRASIL;757 S;;CENTRO;78300095;MT;9185;65;33113900;;;65;3265252;HIPER@GOTARDO.COM.BR;;
04727879;0001;29;1;DUNASRIOS COMERCIO E REPRESENTACOES;04;20181107;63;;;20011019;4613300;;AVENIDA;JERONIMO CAMARA;81;LATERAL;DIX SEPT ROSADO;59060300;RN;1761;;;;;;;;;
06044728;0001;00;1;;04;20231027;63;;;20031204;4761003;;RUA;CARLOS KLEMTZ;173;;FAZENDINHA;81320000;PR;7535;41;99151329;;;041;30225772;CORALSPORTS@CORALSPORTS.COM.BR;;
06893920;0001;62;1;SEVLIMP;04;20190118;63;;;20040729;4752100;8020001,8121400,9609299,4330404,8230001,8299799,9512600;RUA;ALMEIDA COUTO;03-A;;CENTRO;45200490;BA;3661;73;35257566;;;73;5257566;ary100@hotmail.com;;
38638151;0001;42;1;COMERCIAL PINHEIRO;08;20160104;01;;;19900628;4744005;;AVENIDA;JOAO XXIII;759;A;EDGAR PEREIRA;39400162;MG;4865;;;;;;;;;
01339759;0001;66;1;ADONAI PARK;04;20190111;63;;;19960522;5223100;;RUA;BARAO DO TRIUNFO;177;;25 DE AGOSTO;25070340;RJ;5833;21;27716717;21;27716717;21;27716717;;;
04728346;0001;61;1;IGREJA CRISTA NOVA VIDA;02;20051103;00;;;20010910;9491000;;AVENIDA;LOMANTO JUNIOR;994;;PONTAL;45654000;BA;3573;73;2318283;;;;;vieiranovavida@uol.com.br;;
04728362;0001;54;1;MS & S INTERNACIONAL;04;20180906;63;;;20011017;4619200;;AVENIDA;LUIZ BOITEUX PIAZZA;5076;;PONTA DAS CANAS;88056000;SC;8105;;;;;;;;;
06894417;0001;21;1;;08;20041231;01;;;20040809;9492800;;AVENIDA;SANTA CATARINA;SN;;ITANHANGA;78555000;MT;9763;;;;;;;;;
02959438;0001;27;1;;04;20190328;63;;;19990201;4929901;4929902,4930201,4930204;RUA;CORONEL ALFREDO SODRE;194;GALPAOFRACAO B;SANTA CECILIA;27520060;RJ;5883;24;33546434;;;024;3551522;g2contabil@oi.com.br;;
06894460;0001;97;1;;08;20231212;01;;;20040712;4755503;4649401,4712100,4754701,4759899,4753900;AVENIDA;JUVENAL JOAO VINAGRE;2949;;MAR GRANDE;44470000;BA;3963;71;36332332;71;36332051;71;36333289;SERVCONCONTABILIDADE@HOTMAIL.COM;;
38641999;0001;20;1;;02;20051103;00;;;19900620;1411801;1411802,1412601;AVENIDA;PROFESSOR MURILO DE CARVALHO;03;;SAO FRANCISCO;36881007;MG;4877;32;37223425;;;;;ASSESSORIAMURIAE@GMAIL.COM;;
38643565;0001;60;1;GLADYS MAURICIO;02;20051103;00;;;19900627;4781400;9001999;RUA;PROFESSOR R NONATO;264;;SANTA TEREZA;31010520;MG;4123;31;34672226;31;98292266;;;GLADYS.MAURICIO@TERRA.COM.BR;;
01340188;0001;80;1;;08;20150209;73;;;19960731;6619399;6619305;AVENIDA;CENTENARIO;2883;SALA 606;CHAME CHAME;40155150;BA;3849;071;3419033;;;;;;;
01340257;0001;55;1;;08;20081231;71;;;19960731;9491000;;RUA;CANUTAMA;201;;AERO RANCHO;79083090;MS;9051;;;;;;;;;
06894853;0001;09;1;CASA DAS ENGRENAGENS;08;20130117;01;;;20040729;4530704;4530703,4511102,4520007;RODOVIA;BR 116;16049;KM 147;DE LAZZER;95059520;RS;8599;54;2230377;;;54;2230317;raiz.vera@terra.com.br;;
76070465;0001;80;1;;08;20081231;71;;;19820203;9491000;;RUA;JOSE RUBENS;28;CASA;SAO BRAZ;81310415;PR;7535;;;;;;;;;
06895004;0001;61;1;;08;20100526;01;;;20040726;2943300;;RUA;MIRACATU;85;;BAIRRO PONTE SECA;09440250;SP;6967;;;;;;;;;
57852386;0001;87;1;;08;20180622;01;;;19870804;9609299;;AVENIDA;RIO DAS PEDRAS;1134;;JD ARICANDUVA;03452100;SP;7107;;;;;;;;;
04729155;0001;14;1;;04;20190320;63;;;20000905;9430800;9493600,9499500;AVENIDA;DESEMBARGADOR MOREIRA;2355;;DIONISIO TORRES;60170002;CE;1389;085;2212691;;;;;;;
06895281;0001;74;1;;04;20201029;63;;;20031010;9491000;;RUA;FRANCISCO NUNES;143;;SEBASTIAO P. MARQUES;28360000;RJ;5811;;;;;;;;;
01340673;0001;53;1;MARIA & MARIA;04;20180928;63;;;19960731;4299599;4399199;RUA;ESTACIO DE SA;692;;CHACARA DAS PEDRAS;91330430;RS;8801;;;;;;;;;
76075860;0001;56;1;COMA;04;20181127;63;;;19820319;1099601;;RUA;ALFREDO M.BADUY;54;;JD.S.SEBASTIAO;83407150;PR;7513;041;9770865;;;;;;;
01340810;0001;50;1;;04;20181011;63;;;19960730;8121400;8129000;RUA;SANTA QUITERIA;597;;CARLOS PRATES;30710460;MG;4123;;;;;;;;;
04729403;0001;27;1;DI EPOCA E ESTILO;08;20180227;01;;;20011022;4754701;;RUA;VOLUNTARIOS DA FRANCA;1011;;CENTRO;14400490;SP;6425;16;37243205;;;;;;;
02960386;0001;09;1;;08;20081231;71;;;19990122;4744005;;AVENIDA;ROBERT KENNEDY;3297;;JD COLONIAL;09860000;SP;7075;;;;;;;;;
04729590;0001;49;1;;08;20020527;02;;;20011019;0113000;;FAZENDA;COSTA PINTO,;S/N;;COSTA PINTO;13411900;SP;6875;19;34032000;;;19;34032128;fiscal@cosan.com.br;;
57857252;0001;59;1;;02;20051103;00;;;19870818;6629100;6622300;RUA;TUIUTI;810;1 ANDAR APT 18;TATUAPE;08210040;SP;7107;;;;;;;;;
20724043;0001;27;1;;08;20081231;71;;;19850114;4619200;;RUA;VASSOURAS;640;;APARECIDA;31230610;MG;4123;;;;;;;;;
02960608;0001;93;1;;02;20210609;00;;;19990202;8591100;;RUA;DA FELICIDADE;189;;PILAR D. DE CAXIAS;25221070;RJ;5833;;;;;;;;;
04729874;0001;35;1;;02;20011015;00;;;20011015;8219999;8219901,8299705,8593700;AVENIDA;OSVALDO ARANHA;874;SALA  01;VILA RICA;95760000;RS;8893;51;36351080;;;51;36351080;;;
20726295;0001;95;1;PARANAIBANA;02;20241122;00;;;19840116;9499500;;RUA;ATANASIO JOSE DOS SANTO;S/N;;ALTO DA SANTA CRUZ;38810000;MG;5109;;;;;;;;;
76083989;0001;06;1;LONDRI MAQ;08;20150318;01;;;19820318;9521500;;RUA;FLAMINGOS;393;;CENTRO;86701390;PR;7427;43;30552094;;;;;;;
02960893;0001;42;1;PAES BOCA DO FORNO;08;20210726;01;;;19990201;1091102;4712100,4721103,4723700,4729601;RUA;SANTA JULIANA;3569;;SAO VICENTE;35701004;MG;5343;31;7740005;;;;;;;
01341512;0001;84;1;;04;20181206;63;;;19960719;4511102;;RODOVIA;BR-381 - KM 02;2011;;DOS BANDEIRANTES;32240090;MG;4371;031;3336727;;;031;3330862;;;
04730216;0001;63;1;;02;20240816;00;;;20010723;9491000;;;LOTE 08 A5;S/N;QUADRA B3;LOTEAMENTO GAIBU;54505000;PE;2357;81;99093414;;;;;;;
02961047;0001;47;1;;08;20150209;73;;;19990128;8299799;6399200,7410299,7490105,7490199,8219999,8299703,8299707;AVENIDA;AUGUSTO SEVERO;110;;CENTRO;59600150;RN;1759;;;;;;;;;
57863409;0001;59;1;;08;20081231;71;;;19870901;9430800;9493600,9499500;AVENIDA;IPIRANGA;345;AP.1301;CONSOLACAO;01046010;SP;7107;;;;;;;;;
04087015;0001;90;1;APROLEITE;02;20000926;00;;;20000926;9430800;1011201,1012101,1012102,1012103,1063500,1066000,2330302,4511101,4520004,4520005,4520006,4530703,4683400,4711302,4721103,4722901,4731800,4744002,4744099,4771701,4771704,4784900,4930202,4930203,4930204,5211701,7120100,7500100,9493600,9499500,9609208;RODOVIA;GO 330;SN;KM    05  CHAC AGUAS CLARA;ZONA RURAL;75480000;GO;9531;62;33346676;;;;;;;
38660098;0001;86;1;;02;20221227;00;;;19900705;6821801;6821802,6822600,6810201,6810202,4110700,6810203;RODOVIA;JOAO GUALBERTO SOARES;96;CONJ  B;INGLESES DO RIO VERMELHO;88058300;SC;8105;48;38793336;;;;;KWALTRANIMOVEIS@GMAIL.COM;;
04730452;0001;80;1;AUDIO SYSTEM;02;20051103;00;;;20010925;6201501;6202300,6204000,6209100,6311900,6319400,7020400,7490104,8211300;RUA;COMANDANTE TAYLOR;447;LETRA A                   SALA  25;IPIRANGA;04218000;SP;7107;11;33135812;;;11;29142113;BALDIENICOLELIS@UOL.COM.BE;;
02961246;0001;55;1;;02;20051103;00;;;19990201;7020400;8599604;AVENIDA;TIVOLI;183;APT   14;VILA BETANIA;12245481;SP;7099;12;81582565;;;;;SONIAFERRIDAVILA@HOTMAIL.COM;;
01341936;0001;49;1;ADRIMAR;04;20180906;63;;;19960711;4744001;;AVENIDA;PRESIDENTE KENNEDY;2767;;CENTRO;25010007;RJ;5833;;;;;;;;;
20733747;0001;66;1;;02;20061201;00;;;19810601;9312300;;PRACA;NICANOR PARREIRA;146;;CENTRO;38475000;MG;4855;;;;;;;;;
01341982;0001;48;1;;08;20170307;01;;;19960710;4729699;;AVENIDA;CARLOS BOTELHO;920;;SAO DIMAS;13416145;SP;6875;;;;;;;;;
02961486;0001;50;1;ACAPRA;02;20051103;00;;;19990120;9430800;9493600,9499500;PRACA;JOAO RIBEIRO;78;FUNDOS;CENTRO;88600000;SC;8325;49;32333838;;;;;;;
57867939;0001;75;1;;04;20181218;63;;;19870818;7311400;;RUA;FRANCISCO BAYARDO;64;;JD NOVO C ELISIOS;13060112;SP;6291;;;;;;;;;
04730839;0001;36;1;MOLDPAR-ESTRUTURAS PRE MOLDADAS;04;20181010;63;;;20010926;4744005;;RUA;NOVA ESPERANCA;800;;SITIO CERCADO;81900200;PR;7535;;;;;;;;;
04730916;0001;58;1;CENTRO EDUCACIONAL PEDRO IVO;02;20030906;00;;;20011017;8513900;8520100,8512100,8541400;RUA;OSCAR MOREIRA SOARES;S/N;LOTE  14                  QUADRA19;NANCILANDIA;24801040;RJ;5837;21;36377385;;;21;36377385;realcont@urbi.com.br;;
76096148;0001;33;1;TONI REPRESENTACOES;02;20051103;00;;;19820414;4781400;;RUA;DIACUI;208;;JARDIM TATIANE;86036490;PR;7667;;;;;;;;;
57872020;0001;70;1;;02;20051103;00;;;19870818;4752100;;RUA;DIAS LEME;416;;ALTO DA MOOCA;03118040;SP;7107;;;;;;;;;
02961965;0001;76;1;H. S. REPRESENTACOES;08;20150122;01;;;19981231;4618499;4618401,4618402,4618403;ALAMEDA;MANOEL AIRES;35;;NOVA OLINDA;68745000;PA;0447;;;;;;;;;
01342775;0001;08;1;;08;20060717;01;;;19960729;4744005;;RUA;DOS CARVALHOS;245;;CRUZEIRO;35720000;MG;4821;;;;;;;;;
76104058;0001;47;1;HOSPITAL DE OLHOS DO PARANA;02;20051103;00;;;19741122;8610101;8610102,8630501,8630502,8630503;RUA;CORONEL DULCIDIO;199;;BATEL;80420170;PR;7535;41;32224222;;;41;32224222;SOCIETARIO@FALAVINHA.COM.BR;;
06898151;0001;95;1;;08;20041231;01;;;20040810;9492800;;RUA;ALVARO ANTOLINI;53;;VILA NOVA;29700005;ES;5629;;;;;;;;;
06898245;0001;64;1;;04;20190227;63;;;20040707;4722901;;RUA;SAPE;250;;JD. SAO AMNOEL;07183060;SP;6477;11;24558578;11;24972493;;;GREYCK@LIMEIRASCONTABILIDADE.COM.BR;;
02962469;0001;37;1;;08;20150209;73;;;19990204;2441502;;RUA;JOSE NICOLA CALIENTO;350;;PQ INDUSTRIAL ROLAND;86600001;PR;7825;;;;;;;;;
57878829;0001;09;1;;08;20101019;54;;;19870817;4511103;;RUA;MARECHAL DEODORO;2605;;CENTRO;09710193;SP;7075;;;;;;;;;
04732054;0001;00;1;PROJETO HOMEM DO AMANHA;08;20150209;73;;;20011015;8800600;;RUA;ARMANDO SALES DE OLIVEIRA;267;;CENTRO;13230160;SP;6293;;;;;;;;;
06898664;0001;04;1;;08;20041231;01;;;20040810;9492800;;AVENIDA;MANUEL ALVES;176;;VILA BRAS CUBAS;08740260;SP;6713;;;;;;;;;
06898687;0001;00;1;;08;20041231;01;;;20040810;9492800;;;LINO FURTADO MENDONCA;000000;SN;CENTRO;29590000;ES;5635;;;;;;;;;
06898707;0001;43;1;;08;20041231;01;;;20040810;9492800;;RUA;BRIGADEIRO FARIA LIMA;449;;CENTRO;11910000;SP;7137;;;;;;;;;
04732252;0001;66;1;;08;20051124;01;;;20010918;8599699;;RUA;MAGDALENA MUNHOZ CORREIA DA SILVA;325;SALA 1;VILA ROSANA;13480021;SP;6639;19;4534924;;;19;4534924;;;
04732328;0001;53;1;;08;20061124;01;;;20010928;8211300;;AVENIDA;PRESIDENTE KENNEDY;3244;;BAIRRO BOA VISTA;09572200;SP;7077;011;42381462;;;;;;;
02963003;0001;56;1;;04;20190227;63;;;19981215;7319002;;AVENIDA;ENGENHEIRO LUIZ CARLOS BERRINI;1694;ANDAR 15                  CONJ  1501;CIDADE MONCOES;04571000;SP;7107;11;55050537;11;32143792;11;55050537;luisfernando@infinitoweb.com.br;;
04732497;0001;93;1;MODENA;02;20051103;00;;;20011022;4511101;4511102,4512902,6821801,7490104,7711000;RUA;4;485;QUADRAF3                  LOTE  34                  SALA  205                 ANDAR 2;SET OESTE;74110140;GO;9373;62;39427638;62;39417638;62;39427638;DAMATACONTABILIDADE@GMAIL.COM;;
06899265;0001;50;1;;08;20041231;01;;;20040810;9492800;;RUA;DO FIO;262;;RIO FRIO;65265000;MA;0835;;;;;;;;;
02963380;0001;95;1;LACOSTA INFORMATICA;04;20181011;63;;;19990202;4751201;;RUA;NELSON TARQUINIO;150;;REC BANDEIRANTES;22790385;RJ;6001;;;;;;;;;
38683512;0001;72;1;;04;20180906;63;;;19900710;4712100;;AVENIDA;MANOEL SOARES;365;;PLANALTO;38720000;MG;4749;;;;;;;;;
06899704;0001;24;1;;08;20041231;01;;;20040810;9492800;;RUA;DA LIBERDADE;0;S/N;;58330000;PB;2059;;;;;;;;;
01344116;0001;00;1;;04;20180928;63;;;19960613;5611201;;AVENIDA;DUQUE DE CAXIAS;132;;FRAGATA;96030001;RS;8791;;;;;;;;;
38684767;0001;50;1;;02;20041016;00;;;19900711;6821802;4789099,4930202,6810201,6821801,6822600,7020400,7112000;ALAMEDA;PRESIDENTE EDUARDO FURETI;598;;JARDIM ENCANTADO;33205644;MG;5425;31;31158888;;;31;31158888;ATENDIMENTO@INVESTIMOVEIS.COM.BR;;
04733164;0001;89;1;BLESSING INFORMATICA;08;20070808;01;;;20011025;4751201;;RUA;TIRADENTES;614;A;CENTRO;37270000;MG;4223;;;;;;;;;
06899936;0001;82;1;;08;20041231;01;;;20040810;9492800;;RUA;DELMIRO GOUVEIA;58;;CENTRO;57560000;AL;2749;;;;;;;;;
04733261;0001;71;1;PAULISTANO SOROBAN;08;20201123;01;;;20011022;8513900;;RUA;MAESTRO CARDIM;354;CJ. 83;BELA VISTA;01323000;SP;7107;011;31054011;;;011;2325394;;;
04733277;0001;84;1;UNIMALHAS;04;20201027;63;;;20011008;4781400;;RUA;SAO JOSE DOS PINHAIS;1983;;SITIO CERCADO;81920250;PR;7535;;;;;;;;;
06900094;0001;31;1;;08;20041231;01;;;20040810;9492800;;RUA;LAURO GARCIA;0;S/N;;69100003;AM;0241;;;;;;;;;
06900154;0001;16;1;;08;20041231;01;;;20040810;9492800;;FAZENDA;DA AMIZADE;3;;BATATAL;28570000;RJ;5841;;;;;;;;;
04733553;0001;04;1;APAP;08;20150209;73;;;20010918;9430800;9493600,9499500;FAZENDA;PICOS;SN;RURAL;RURAL;58884000;PB;1987;;;;;;;;;
01344542;0001;44;1;;04;20231110;63;;;19960724;1813099;1813001;AVENIDA;19;1211;;CENTRO;38301115;MG;4683;034;2612453;;;034;2612453;;;
38689394;0001;00;1;;08;20071205;54;;;19900709;1412601;1412603;RUA;RUTH MASCARENHAS;35;;CENTRO;36150000;MG;5107;;;;;;;;;
02964127;0001;56;1;ANDALUZ CREDIT;08;20180313;01;;;19990205;6491300;;AVENIDA;MONSENHOR MANUEL PEREZ DESCAMPS;63;;PREF ELIDIO BRAULIO DE MENEZES;17540000;SP;6775;14;82024444;;;011;72953656;PAULOROSA55@GMAIL.COM;;
06900552;0001;32;1;;02;20220621;00;;;20040624;4330499;4744099;RUA;ARACAJU;462;;SANTA RITA;92708190;RS;8685;51;91504659;51;34802957;;;FERNANDA@DIGESSOLTDA.COM.BR;;
06900576;0001;91;1;AMAS;02;20051103;00;;;20040528;4744005;2330301;RUA;GENOVA;SN;      RUA VILA RICA             LOTEAMENTO 18       QUADRAA 1;COQUEIROS DE AREMBEPE (ABRANTES);42823488;BA;3413;71;36281614;;;;;ADM.AMAS123@GMAIL.COM;;
04733849;0001;25;1;;04;20181017;63;;;20011015;7020400;8550301,8550302;;PRAIA DE BOTAFOGO;528;BLOCO B UNIDADE 1602;BOTAFOGO;22250040;RJ;6001;;;;;;;;;
06900704;0001;05;1;HERTZ;04;20240830;63;;;20040803;7711000;;RUA;BRIGADEIRO EDUARDO GOMES;SN;      AEROPORT JORGE AMADO      SALA 3 - A;PONTAL;45654070;BA;3573;73;36346358;;;;;HERTZILHEUS@HOTMAIL.COM;;
01344881;0001;20;1;;02;20010225;00;;;19960723;6920601;;RUA;LOEFGREEN;653;;VILA MARIANA;04040030;SP;7107;11;34530003;11;55728109;11;55728109;CONTATO@CPDCONTABIL.COM.BR;;
76145606;0001;87;1;;08;20111208;01;;;19751016;8640205;8640204,8640211;RUA;SENADOR SOUZA NAVES;1495;;CENTRO;86010170;PR;7667;;;;;;;;;
01345304;0001;53;1;PFL DE SENHORA DO PORTO;08;20150209;73;;;19960729;9492800;;PRACA;MONSENHOR JOSE COELHO;240;;CENTRO;39745000;MG;5321;;;;;;;;;
06901438;0001;27;1;;04;20181017;63;;;20040719;5590603;;RUA;SENADOR POMPEU;238;SOBRADO;CENTRO;20221290;RJ;6001;21;22232700;;;;;;;
04734605;0001;67;1;I.M. ATACADO;02;20051103;00;;;20011023;4642701;;RUA;ESPIRITO SANTO;718;;CENTRO;89890000;SC;8091;;;;;;;;;
01345496;0001;06;1;CIRURGICA CAMPEAO;08;20071226;01;;;19960613;4789099;;AVENIDA;DO CONTORNO;2333;SALA 904;SANTA TEREZA;30110008;MG;4123;31;91854695;;;;;;;
38700506;0001;86;1;;08;20051219;01;;;19900723;2342702;;AVENIDA;ABILIO MACHADO;1212;;J INCONFIDENCIA;30830000;MG;4123;;;;;;;;;
04735105;0001;40;1;;08;20150209;73;;;20011016;4649499;;RUA;ANA CRISTINA;274;BASE SUBSOLO;COLUBANDE;24744520;RJ;5897;;;;;;;;;
04735119;0001;63;1;;08;20080118;54;;;20011018;5590699;;RUA;CEL.DIONISIO DA FONSECA REIS;970;;CENTRO;96540000;RS;8501;55;2652230;;;55;2652230;KSPROC@ZIPMAIL.COM.BR;;
02965551;0001;15;1;;08;20240416;01;;;19981228;6463800;;RUA;CARLOS GOMES;742;;PRADO;50720135;PE;2531;81;21029148;;;;;;;
01346208;0001;20;1;CLINICA ODONTOLOGICA NUNES;08;20060714;01;;;19960701;8630504;;RUA;PINTO MADEIRA;645;;CENTRO;60150000;CE;1389;;;;;;;;;
02966042;0001;07;1;MECANICA TAMACAVI;08;20040520;54;;;19870116;4520001;4520002,4520003,4520004;AVENIDA;JULIO DE CASTILHO;1750;;VILA SOBRINHO;79112000;MS;9051;;;;;;;;;
57916413;0001;38;1;;04;20210413;63;;;19870827;4520001;4520002,4520003,4520004;AVENIDA;FORTUNATO E. VETORASSO;1504;;JARDIM ALICE;15041000;SP;7097;;;;;;;;;
38712378;0001;90;1;;08;20081231;71;;;19900720;4649499;;AVENIDA;SILVERIO CAMPOS;507;;SAFIRA;36880000;MG;4877;;;;;;;;;
02966310;0001;90;1;CASA DO IMPERMEABILIZADOR;08;20070322;01;;;19990204;4744005;;RUA;SANTA LUIZA;402;;VILA ISABEL;20511030;RJ;6001;21;25604707;;;0021;2336476;;;
02966433;0001;21;1;JELP CONSTRUTORA;04;20181128;63;;;19990205;4120400;4299501;RUA;SAO JORGE;183;;CARAPINA;29161208;ES;5699;027;3288411;;;;;;;
04736367;0001;29;1;;04;20210319;63;;;20011008;4722901;;RUA;DR. JOSE MARIA COELHO;15;;CENTRO;26325270;RJ;2911;21;26962757;;;021;27966122;;;
04736460;0001;33;1;;08;20150209;73;;;20010731;8512100;;RUA;BOTAO DE PRATA;59;;SAO MIGUEL PAULISTA;08030750;SP;7107;;;;;;;;;
20792016;0001;91;1;;04;20190122;63;;;19851022;4781400;;AVENIDA;GETULIO VARGAS;961;LOJA B;CENTRO;35970000;MG;4107;;;;;;;;;
01347165;0001;05;1;;08;20050222;01;;;19960802;4789099;;AVENIDA;PEDRO CALAZANS;243;GALPAO;CENTRO;49010490;SE;3105;;;;;;;;;
02966863;0001;43;1;;02;20050416;00;;;19990127;4754701;;RUA;DUQUE DE CAXIAS;157;;VARZEA;25953390;RJ;5915;;;;;;;;;
04736834;0001;10;1;WORD PARK;08;20060519;01;;;20011024;4618499;4618401,4618402,4618403;RUA;MIGUEL COUTO;417;;VILA PIRES;09195530;SP;7057;;;;;;;;;
76183995;0001;35;1;;04;20231113;63;;;19820521;9430800;9493600,9499500;RUA;DO ROSARIO;147;;CENTRO;80020110;PR;7535;;;;;;;;;
01347485;0001;57;1;;08;20160426;01;;;19960723;4729602;4761003,4789099;AVENIDA;GOVERNADOR ROBERTO SILVEIRA;165;LOJA  B;COSTA AZUL;28890001;RJ;2921;22;27643770;;;;;rr_contabil@yahoo.com.br;;
38720546;0001;90;1;MECANICA SANTA CRUZ;02;20051103;00;;;19900803;4520001;4520003,4520004,4530703;AVENIDA;ARTUR GUIMARAES;1234;GALPAO;SANTA CRUZ;31150690;MG;4123;31;34242622;31;83763973;;;MECANICA_SANTACRUZ@YAHOO.COM.BR;;
04737150;0001;33;1;TRANSPORTERRA;02;20051103;00;;;20011023;0810006;0990403;ESTRADA;BARRA DO JUCU;S/N;FAZENDA MANGAL I;AMARELOS;29125075;ES;5703;27;33191399;;;;;;;
02967237;0001;71;1;J C ADMINISTRACAO DE IMPORTACAO E EXPORTACAO;02;20051103;00;;;19990202;5250802;;AVENIDA;GUARAPARI;538;"SALA: 02;";SANTA AMELIA;31560300;MG;4123;31;32010304;31;33277166;31;32010304;COPROM@COPROM.OM.BR;;
04737225;0001;86;1;;08;20150715;01;;;20011022;8299799;6399200,7410299,7490105,7490199,8219999,8299703,8299707;RUA;MANOEL DE SOUZA ALMEIDA;184;;NOVA PIRACICABA;13405003;SP;6875;019;34210146;;;;;;;
38723409;0001;09;1;;04;20190123;63;;;19900726;4930202;;RUA;DO INSTITUTO;236;;VILA SAO FRANCISCO;37200000;MG;4763;;;;;;;;;
76191089;0001;82;1;;08;20150209;73;;;19820607;4731800;4732600;RUA;JOAQUIM NABUCO;1643;TERREO;;83040210;PR;7885;;;;;;;;;
02967428;0001;33;1;ANCORA CONSTRUCOES;04;20190228;63;;;19990106;4120400;4299501;AVENIDA;GUAJAJARAS - C. COMERCIAL - S. CRIST;65;SALA 110;TIRIRICAL;65099110;MA;0921;098;2458432;;;098;2458432;;;
01347956;0001;27;1;;02;20041224;00;;;19960718;9430800;9493600,9499500;RUA;JOAO DE BARROS;111;;JARDIM ARARAS;78580000;MT;8987;;;;;;;;;
04737467;0001;70;1;BALPLAN;08;20190329;01;;;20011029;0161099;0161001,0161003;RUA;05;S/N;;SETOR INDUSTRIAL;65800000;MA;0727;;;;;;;;;
04737833;0001;90;1;JANATOUR;08;20140511;01;;;20011001;7911200;7912100,7990200;RUA;DO RIACHUELO;189;SALA 902;BOA VISTA;50050400;PE;2531;81;34234482;;;81;34211177;;;
06905229;0001;51;1;;08;20041231;01;;;20040811;9492800;;RUA;ALECRIM;500;;CENTRO;65010000;MA;0921;;;;;;;;;
57935272;0001;09;1;CARVOARIA NOSSA SENHORA APARECIDA;04;20210419;63;;;19870831;4789099;;;LOC  BAIRRO DO MACUMBE;S/N;;MACUMBE;13972012;SP;6553;;;;;;;;;
04737895;0001;00;1;BLANCO CONSULTORIA;08;20090911;01;;;20011022;8299799;6399200,7410299,7490105,7490199,8219999,8299703,8299707;RUA;ANDRE CAVALCANTE;158;A APTO 201;CENTRO;20231050;RJ;6001;;;;;;;;;
04737929;0001;59;1;BLUE MIDIA;04;20190108;63;;;20011019;7319099;7319001,7319002,7319003,7319004;AVENIDA;EVARISTO DELFINO PINTO;726;SALA 31;CENTRO;06890000;SP;5447;0;0;;;0;0;-;;
04738028;0001;81;1;RIBOLETTA FESTAS;08;20030430;01;;;20011022;4789001;;AVENIDA;ATAULFO DE PAIVA;1079;LOJA 108 - SUBSOLO;LEBLON;22440032;RJ;6001;;;;;;;;;
04738219;0001;43;1;ALFATRONI;04;20181018;63;;;20011026;4751201;;AVENIDA;ALBERTO MIGUEL;45;QD.36 LT.10;SETOR CAMPINAS;74510010;GO;9373;62;5911231;;;62;5911231;;;
02968226;0001;06;1;;02;20051103;00;;;19981009;3319800;4645101,4664800,6202300,6462000,7020400,7739099;AVENIDA;AFFONSO PANSAN;1967;      A;VILA BERTINI;13473620;SP;6131;19;34689614;;;19;32435124;FABIO.FEIJON@GBO.COM;;
76204718;0001;61;1;CLINICA DE FRATURAS ACIDENTADOS E ORTOPEDIA;02;20021116;00;;;19750425;8630501;8610102,8630503,8640205,8660700;RUA;21 DE ABRIL;147;;CENTRO;85935000;PR;7953;44;35284478;;;;;CLINICADEFRATURAS@LIVE.COM;;
06905772;0001;59;1;VASCO DA GAMA;08;20081231;71;;;19760714;9312300;;AVENIDA;03;10;;COHAB;65700000;MA;0723;;;;;;;;;
06905827;0001;20;1;;02;0;00;;;20040804;8219999;4761001,4761002,5811500,6110803,7420001,8211300,8230001;RUA;GENERAL CARNEIRO;784;APT   102                 ANDAR 01                  COND  LEBLON CJ RES;CENTRO;80060150;PR;7535;41;96755400;;;;;MANOELA@CARLO.NET.BR;;
20811295;0001;93;1;;08;20210708;01;;;19790327;1813099;1811302,1813001,4761003,4712100;AVENIDA;PRESIDENTE TANCREDO NEVES;408;;SANTA ZITA;35300102;MG;4267;33;33214950;33;33218446;33;33215007;ATG.CONTADOR@BOL.COM.BR;;
06905906;0001;31;1;SELANO COMERCIAL;08;20160415;01;;;20040729;4617600;;RUA;EBANO;07;QUADRA23;FIGUEIRINHA;78140020;MT;9167;65;36828611;;;;;jucineyamorim@uol.com.br;;
06905927;0001;57;1;;08;20150209;73;;;20040803;4751201;;RUA;JOSE DE MELLO;427;;VILA N. S. APARECIDA;14340000;SP;6257;;;;;;;;;
57941262;0001;78;1;;08;20040524;01;;;19870909;7020400;8550301,8550302;RUA;BACHAREL DE CANANEIA;20;;SACOMA;04279050;SP;7107;;;;;;;;;
38735312;0001;16;1;ENGLISH COMPANY;08;20200817;01;;;19910204;8593700;;AVENIDA;BERNARDO MONTEIRO;1404;;FUNCIONARIOS;30150281;MG;4123;;;;;;;;;
57941585;0001;61;1;;08;20220913;01;;;19870908;4617600;;RUA;SAO FRANCISCO DE ASSIS;225;APT   33;JARDIM CASTELO BRANCO;14090550;SP;6969;16;32348346;;;;;MORAESEFILHOSASSOCIADOS@GMAIL.COM;;
01349068;0001;43;1;;02;20050827;00;;;19960806;9493600;;RUA;PRIMEIRO DE MAIO;250;;CENTRO;89500001;SC;8057;;;;;;;;;
04738657;0001;01;1;PASTELINHO;02;20031226;00;;;20011026;5611203;;RUA;TENENTE FORTUNATO;16;LOJA C- ED. CENTRAL;CENTRO;36770038;MG;4305;;;;;;;HENRIQUE.MULTIPLACONTABILIDADE@GMAIL.COM;;
06906241;0001;80;1;GTC ENGENHARIA;03;20240627;18;;;20040730;4399101;;RUA;RODRIGUES CALDAS;726;SALA 1106;SANTO AGOSTINHO;30190120;MG;4123;;;;;;;ITAMARQUESFILHO@HOTMAIL.COM;;
04738744;0001;69;1;PLUS SOLUCOES EM COMUNICACAO;08;20020723;01;;;20011015;7311400;;RUA;FELIX DA CUNHA;705;SALA 603;CENTRO;96015150;RS;8791;53;9873272;;;;;;;
20815833;0001;18;1;;08;20150209;73;;;19781018;4771701;;AVENIDA;MINAS GERIS;1844;;N. S. DAS GRACAS;35058450;MG;4553;;;;;;;;;
38739454;0001;51;1;;02;20051103;00;;;19901022;7111100;;RUA;PIAUI;778;SALA 303;FUNCIONARIOS;30150320;MG;4123;;;;;;;;;
02968885;0001;42;1;;02;20051103;00;;;19990129;0162899;9319199;AVENIDA;ODILO GONCALVES;744;;CENTRO;96300000;RS;8721;;;;;;;;;
06906569;0001;05;1;COISA & TAL;04;20201029;63;;;20040810;5611203;;RUA;PRESIDENTE JUSCELINO;416;;CENTRO;37660000;MG;4945;;;;;;;;;
06906828;0001;90;1;;08;20150209;73;;;20040721;4530703;;AVENIDA;ANTONIO FREDERICO OZANAN;6000;SUC S 010 PISO TERREO;VILA RIO BRANCO;13215900;SP;6619;;;;;;;;;
04739326;0001;96;1;HOSPITAL SANTA BARBARA;02;20050827;00;;;20010918;8610101;6550200,8640205,8640202,8630599,8630503,8610102;AVENIDA;ANA NERY;890;;JESUS DE NAZARE;68905160;AP;0605;;;;;;;;;
06906948;0001;97;1;;04;20181120;63;;;20040805;4754702;;AVENIDA;XV DE NOVEMBRO;1057;;ZONA 01;87013230;PR;7691;;;;;;;;;
76225432;0001;62;1;;08;20150209;73;;;19820623;1621800;;RODOVIA;PR 90;S N;KM 25;RETIRO;83601777;PR;7481;;;;;;;;;
01349809;0001;96;1;FELIZ DESERTO;08;20081231;71;;;19960712;9430800;9493600,9499500;FAZENDA;NOVA ALAGOAS;SN;;ZONA RURAL;57980000;AL;2775;;;;;;;;;
04739557;0001;08;1;DALSON PRODUTOS;08;20150209;73;;;20011031;4649401;;RUA;NEREU RAMOS;253;A;CRISTO REDENTOR;58070390;PB;2051;;;;;;;;;
02969466;0001;25;1;WALFLOR;02;20050924;00;;;19990119;4110700;6810201;RUA;JOSE MAGALHAES;456;SALA  5 N;CENTRO;69301360;RR;0301;95;36260235;;;;;MICHAEL@EWV.COM.BR;;
06907371;0001;38;1;DATI TECNOLOGIA;08;20110419;01;;;20040723;6201501;6204000;AVENIDA;DR. YOJIRO TAKAOKA;4384;LOJA 17 - CV 1931;ALPHAVILLE;06541038;SP;7047;11;36752723;;;11;36752723;mail@dati.com.br;;
76228873;0001;18;1;KLEPA LANCHES;04;20181123;63;;;19820630;5611203;;AVENIDA;RAPOSO TAVARES;692-B;;CENTRO;87250000;PR;7757;;;;;;;;;
04739812;0001;04;1;O.K. EMBREAGENS;08;20150209;73;;;20011024;4530703;;AVENIDA;DUQUE DE CAXIAS;315 A;;FRAGATA;96030002;RS;8791;;;;;;;;;
04739872;0001;27;1;SOLLO'S GRAVADORA E ESTUDIO;08;20070308;01;;;20011017;5920100;;RUA;CAMARA MUNICIPAL;37;;RIO DOS SINOS;93110130;RS;8877;;;;;;;;;
76230291;0001;76;1;POSTO DO TITO;08;20090819;54;;;19820706;4731800;4732600;RUA;ALFREDO CHAVES;585;;CENTRO;85877000;PR;7889;;;;;;;;;
04739941;0001;00;1;HOTEL CHALE O RECANTO;04;20190130;63;;;20011016;5510801;;RUA;EDITE FERREIRA LIMA;60;;CENTRO;55870000;PE;2605;;;;;;;;;
02969796;0001;10;1;CRIS LENS;04;20181010;63;;;19981217;4774100;;PRACA;DOM JOSE GASPAR;30;2 ANDAR  A 2;CENTRO;01047010;SP;7107;011;2141275;;;;;;;
04740075;0001;60;1;;04;20220607;63;;;20010807;4646001;;AVENIDA;DOM HELDER CAMARA;3965;SALA 204;DEL CASTILHO;20771000;RJ;6001;;;;;;;;;
06907783;0001;78;1;;02;0;00;;;20040806;6622300;6619399,7020400,7319002,7319003,7490104,8211300,8220200,8291100;RUA;CORONEL SPINOLA DE CASTRO;3360;SALA  02;CENTRO;15015500;SP;7097;17;96081828;;;17;32315579;PAULO@STRACERI.COM;;
57956880;0001;91;1;;04;20190110;63;;;19870911;4520001;4520002,4520003,4520004;AVENIDA;29;765;;CID JARDIM;13501133;SP;6979;;;;;;;;;
04740145;0001;80;1;;02;20051103;00;;;20010927;4789004;7500100,4771704,9609208;AVENIDA;SARGENTO GERALDO SANTANA;193;;SITIO TAPERA;04674000;SP;7107;011;56319107;;;;;;;
04740169;0001;39;1;;08;20080206;01;;;20011022;6203100;6202300;RUA;CALIL ELIAS CURI;52;;VILA MONTEIRO;08557410;SP;6897;11;55945088;;;11;55945088;;;
02970175;0001;57;1;;08;20171129;01;;;19981218;7733100;9511800,7112000,6204000,6203100,4651601;RUA;JOSE FERREIRA;245;;CENTRO;33980000;MG;5365;31;32416333;;;031;2712415;;;
01350679;0001;01;1;;02;20051103;00;;;19960801;4754701;;RUA;ALMIRANTE BARROSO;1927;;CENTRO;85900020;PR;7927;45;30552514;45;30552514;45;30552514;;;
04740683;0001;74;1;;02;20051103;00;;;20011025;5911199;5911101;RUA;MARTINICO PRADO;111;      7 ANDAR;SANTA CECILIA;01224010;SP;7107;11;33553320;;;11;33553320;henrique.manzoli@conspira.com.br;;
04740798;0001;69;1;CHINOCA GAS;04;20181128;63;;;20011029;4729699;4789099,0311602,4722902,4723700,4784900,4930203;AVENIDA;NOSSA SENHORA DOS NAVEGANTES;106;;CASTELANDIA;29172635;ES;5699;27;33388281;27;33388281;27;33188553;jmicontabil@ig.com.br;;
04740910;0001;61;1;;04;20181016;63;;;20011026;9602501;4772500;AVENIDA;IBIRAPUERA;3.103;PISO JURUPIS- SALA 50;MOEMA;04029200;SP;7107;;;;;;;;;
02970669;0001;31;1;;08;20080801;01;;;19990118;6821802;6822600,8111700;AVENIDA;TANCREDO NEVES;274;BL.B, SALA-832;PITUBA;41820020;BA;3849;;;;;;;;;
02970736;0001;18;1;;08;20081231;71;;;19990119;4663000;4662100;AVENIDA;DOM BOSCO;S/N;;IGUATEMI;12900005;SP;6251;;;;;;;;;
04741048;0001;01;1;;02;20010416;00;;;20010416;9329899;;NUCLEO;RURAL DE SOBRADINHO I CHACARA;23/Y;KM 11 DF 440;NUCLEO RURAL;70310500;DF;9701;61;3214141;;;61;3238869;;;
76250869;0001;56;1;FARMA REIS;02;20021109;00;;;19660913;4771701;4772500,6619302;RUA;MINAS GERAIS;231;;CENTRO;86290000;PR;7803;43;91634800;;;;;FARMAREISDALUMORATO@GMAIL.COM;;
01351219;0001;06;1;LAVA JATO TIGER;04;20220609;63;;;19960725;4520005;;AVENIDA;EDMEIA MATTOS LAZZAROTTI;2080;LOJA  3;JARDIM DA CIDADE;32604270;MG;4133;31;35311984;31;25711984;;;REDEPOSTO.BETIM@GMAIL.COM;;
20837886;0001;30;1;JB PECAS E MOTORES;04;20210330;63;;;19850226;4530703;;RUA;GOIAS;46;A;BOA VISTA;35700085;MG;5343;;;;;;;;;
04741136;0001;03;1;;02;20200125;00;;;20010926;4789099;;RUA;LOTEAMENTO PONTAL NORTE CENTER;S/N;LOTE 10 - QD 1;CENTRO;42700130;BA;3685;;;;;;;;;
01351316;0001;90;1;;08;20150209;73;;;19960805;7490101;;RUA;SAO SEBASTIAO;760;;CELVIA;33200000;MG;5425;;;;;;;;;
02970900;0001;97;1;;02;20051103;00;;;19990125;8650099;8660700;RUA;RUI BARBOSA;383;SALA  309;CENTRO;28300000;RJ;5843;22;38246609;;;;;servicosanestesiscos@bol.com.br;;
01351449;0001;67;1;;08;20081231;71;;;19960807;9492800;;RUA;DO PRINCIPE;720;SALA 101;BOA VISTA;50050410;PE;2531;;;;;;;;;
02971020;0001;35;1;PIT STOP RESTAURANTE;08;20081231;71;;;19990127;5611201;;RUA;PAULO HORNEAUX DE MOURA;171;;CIDADE NAUTICA;11340450;SP;7121;;;;;;;;;
04741610;0001;05;1;;08;20240702;01;;;20010924;7320300;;RUA;CERQUILHO;100;CASA 03;CIDADE SAO PEDRO;06529335;SP;7047;;;;;;;;;
06909602;0001;42;1;;08;20041231;01;;;20040812;9492800;;RUA;J K;50;;SABAK;65300001;MA;0957;;;;;;;;;
04741721;0001;03;1;;04;20210309;63;;;20011023;1412601;1412603;RUA;ERNESTO ANGELO GUASTI;162;;CAMBE IV;86183350;PR;7471;;;;;;;;;
20844528;0001;54;1;;04;20190123;63;;;19860728;6622300;;RUA;LUIZ CERQUEIRA;251;;CENTRO;36900000;MG;4787;;;;;;;;;
06909710;0001;15;1;;08;20041231;01;;;20040812;9492800;;RUA;CILINHA GADELHA;56;;CENTRO;58801580;PB;2225;;;;;;;;;
01351946;0001;65;1;;04;20220607;63;;;19960801;9491000;;RUA;HERCULES;488;;JARDIM BRASILIA;38401406;MG;5403;34;32357334;;;;;ALFA CONT@NETSITE.COM.BR;;
06909856;0001;60;1;;08;20041231;01;;;20040812;9492800;;RUA;OEIRAS;2107;;VERMELHA;64000010;PI;1219;;;;;;;;;
04741897;0001;65;1;AMING;02;20011019;00;;;20011019;9430800;9493600,9499500;PRACA;CIVICA;70;;CENTRO;76305000;GO;9655;62;3453388;;;;;;;
06909969;0001;66;1;;08;20041231;01;;;20040812;9492800;;TRAVESSA;MARIA SALOME SOUZA;30;CENTRO;VERTENTE DO LERIO;55760000;PE;2291;;;;;;;;;
02971655;0001;32;1;;08;19991119;01;;;19990210;8220200;;RUA;OTACILIO DE ALBUQUERQUE;231;;EXPEDICIONARIOS;58040720;PB;2051;;;;;;;;;
01352146;0001;69;1;;04;20181017;63;;;19960709;4754701;;RUA;SEN BERNARDO MONTEIRO;212;LOJA A;BENFICA;20911450;RJ;6001;;;;;;;;;
02971706;0001;26;1;;08;20130214;01;;;19990108;8291100;6491300;AVENIDA;ESTADOS UNIDOS;82;EDIF  GUARABIRA           SALA  505;COMERCIO;40010020;BA;3849;71;32452218;71;32452218;71;32452218;assessoracontabilidade@gmail.com;;
04307088;0001;40;1;CAPITAL;02;20050604;00;;;19741007;4120400;4299501;AVENIDA;CORONEL TEIXEIRA;6225;LOTE  01;PONTA NEGRA;69037000;AM;0255;92;21015800;;;0092;06335106;TRIBUTARIO@CONSTRUTORACAPITAL.COM.BR;;
02971785;0001;75;1;;02;20051103;00;;;19981211;8599601;;AVENIDA;MARECHAL CARMONA;486;;VILA JOAO JORGE;13035510;SP;6291;19;32344533;;;;;;;
76263755;0001;40;1;;02;20051103;00;;;19820728;4120400;4299501;AVENIDA;CONSTANCIO MENDES;810;;DIST INDL;84033290;PR;7777;41;41011194;;;;;NHF1982@GMAIL.COM;;
06910312;0001;19;1;KANSAI ENGENHARIA E SERVICOS;04;20220609;63;;;20040727;7112000;;RUA;OSWALDO CRUZ;50;;JD JORDANOPOLIS;09892250;SP;7075;11;44389300;11;44389300;;;PAULINO@PAULINO.COM.BR;;
57977886;0001;45;1;;08;20011122;01;;;19910729;4744005;;RUA;JOAO BATISTA FERNANDES;45;;CENTRO;11600200;SP;7115;012;4522801;;;;;;;
38771929;0001;97;1;;08;20181213;01;;;19900529;4761003;;RUA;SERRA DE BRAGANCA;496;;TATUAPE;03318000;SP;7107;;;;;;;;;
04742531;0001;00;1;;02;20011105;00;;;20011105;6202300;6204000,6463800;RUA;LAURO MULLER;00116;      SAL 1206;BOTAFOGO;22290160;RJ;6001;21;32066000;;;21;32066026;BENY.ADLER@MASTERSIGN.COM;;
06910711;0001;80;1;IDEAL PORC - ADMINISTRACAO;08;20070207;02;;;20040803;7490103;6311900;AVENIDA;DOS UIRAPURUS;394 W;;CENTRO;78450000;MT;9937;065;3081498;;;065;3082444;VALMIR@GRUPOOTAVIANOPIVETTA.COM.BR;;
06900704;0002;88;2;HERTZ;04;20240830;63;;;20091215;7711000;;RUA;DOS GOITACAZES;375;"LOJA: 6;";CENTRO;30190050;MG;4123;31;25514646;31;25514545;31;25514545;SALVATO@IG.COM.BR;;
57613549;0002;50;2;AUTO POSTO SAO JOSE;02;20091117;00;;;20091117;4731800;4520005,4729699,4732600,4784900;AVENIDA;FRANCISCO MONTEIRO;871;;CENTRO;09406300;SP;6967;11;48277706;;;;;labor_cont@terra.com.br;;
04707195;0003;27;2;;02;20170602;00;;;20170602;1066000;;ESTRADA;DOS PIRES;5285;GALPAO37  38 E 39         BLOCO A                   COND  IND. SP EMPRESARIAL;RIO ABAIXO;12952361;SP;6181;11;40350500;;;;;SIMONE.LEITE@FARMINA.COM.BR;;
76104058;0005;70;2;HOSPITAL DE OLHOS DO PARANA;02;20210315;00;;;20210315;8630502;8630503;RUA;JUVENAL CARVALHO;127;;FAZENDINHA;81320185;PR;7535;41;33104109;;;;;DAFS1977@GMAIL.COM;;
75990176;0010;28;2;;02;20240531;00;;;20240531;4930202;4930201,4930203;RUA;DEPUTADO BERNARDO GUIMARAES RIBAS CARLI;665;SALA  9;CONRADINHO;85045302;PR;7583;42;36243233;;;;;CONTABIL@VERDESCAMPOS.COM.BR;;
04717891;0003;14;2;VISUAL SOFTWARE;02;20240930;00;;;20240930;6201501;4751201,9511800;AVENIDA;CARNEIRO LEAO;563;SALA  614;ZONA 04;87014010;PR;7691;46;35322005;;;;;LUCAS@VISUALSOFTWARE.INF.BR;;
02957511;0002;02;2;ROHDE & SCHWARZ;08;20171017;01;;;20010611;7119799;7119704;RUA;DA CANDELARIA;9;CONJUNTO 701;CENTRO;20091020;RJ;6001;;;;;;;;;
04712420;0002;32;2;;08;20071022;01;;;20040301;4744005;;ESTRADA;AMAMBAY;202;KM 03 SITIO PARAISO;GLEBA P.IGUATEMI;87103000;PR;7691;44;2235736;;;44;2235736;;;
02961246;0002;36;2;;02;20051103;00;;;20000913;7810800;7830200;RODOVIA;FERNAO DIAS;KM 876;;B. PESSEGUEIROS;37640000;MG;4501;;;;;;;;;
38588372;0002;34;2;ZIMEDICAL;08;20170109;01;;;20120329;7020400;4618402,7490104;RUA;JOAQUIM LINHARES;433;": A;";ANCHIETA;30310400;MG;4123;31;32236775;;;;;MAURICIO@ZIMEXBRASIL.COM.BR;;
01339514;0009;96;2;HIPER MERCADO GOTARDO;02;20141017;00;;;20141017;5211701;;AVENIDA;BRASIL;2097 S;;JARDIM CIDADE ALTA;78306157;MT;9185;65;33113900;;;;;HIPER@GOTARDO.COM.BR;;
20664264;0003;19;2;;02;20161208;00;;;20161208;9491000;;RUA;OLINTO GUIMARAES;88;;NOSSA SENHORA DE FATIMA;35560000;MG;5207;31;33889412;;;;;LUIZPAM@GMAIL.COM;;
04729590;0002;20;2;;08;20020527;02;;;20011019;0113000;;FAZENDA;SAO BERNARDO;S/N;;ZONA RURAL;13370000;SP;6943;019;34961511;;;019;34961666;fiscal@cosan.com.br;;
04729590;0006;53;2;;08;20020527;02;;;20011019;0113000;;SITIO;DO TREVO;S/N;;CAMPESTRE;13390000;SP;6981;019;34264811;;;019;34264835;fiscal@cosan.com.br;;
06885077;0002;53;2;PERSONAL RENT A CAR;08;20201016;01;;;20050228;7711000;;RUA;SANTOS SARAIVA;1678;;CAPOEIRAS;88070101;SC;8105;48;33480778;;;;;costaezimmermann@brturbo.com.br;;
38735312;0002;05;2;ENGLISH COMPANY;08;20070816;01;;;19930212;8593700;;RUA;MICHEL JEHA;142;;SAO BENTO;30350330;MG;4123;;;;;;;;;
75995431;0002;15;2;LOJA AJE;08;20010313;01;;;19851226;4754701;;AVENIDA;MARECHAL FLORIANO PEIXOTO;7302;PREDIO;BOQUEIRAO;81670000;PR;7535;041;2528112;;;041;2526492;;;
57819278;0002;93;2;;08;20180619;01;;;20060209;4782202;4782201,4781400;ESTRADA;PRESIDENTE JUSCELINO KUBITSCHEK DE OLIVEIRA;5308;LOJA  G-11;JARDIM ALBERTINA;07252000;SP;6477;11;30940212;;;;;CONTABILIDADE@TIARABOLSAS.COM.BR;;
01339514;0005;62;2;HIPER MERCADO GOTARDO;02;20110718;00;;;20110718;4744099;4744001;AVENIDA;AVENIDA JOSE APARECIDO RIBEIRO;65 S;LOTE  09 10 11 12 E 13;JOSE APARECIDO RIBEIRO;78450000;MT;9937;65;33113900;;;;;hiper@gotardo.com.br;;
01339514;0004;81;2;HIPER PRESENTES;02;20110705;00;;;20110705;4759899;4713002,4755502;AVENIDA;TANCREDO DE ALMEIDA NEVES;140 S;;CENTRO;78300080;MT;9185;65;33113900;;;65;33113900;HIPER@GOTARDO.COM.BR;;
04729874;0002;16;2;;02;20200910;00;;;20200910;8219999;8219901,8299705,8593700;RUA;FREDERICO CALSING;267;FUNDOS;CENTRO;95785000;RS;8403;51;36351080;;;;;ESCRITORIO@NEIVADAHMER.COM.BR;;
01339759;0003;28;2;ADONAI PARK;04;20190111;63;;;20010727;5223100;;AVENIDA;MAESTRO PAULO SILVA;100;JARDIM CARIOCA;ILHA DO GOVERNADOR;21920440;RJ;6001;;;;;;;;;
20430286;0002;33;2;;04;20190327;63;;;19800911;4744001;;RUA;EVALDO LODI;153;;VILA SAO VICENTE;36083786;MG;4733;;;;;;;;;
38522751;0002;21;2;;04;20190124;63;;;19991021;8512100;;AVENIDA;D. PEDRO II;60;;CENTRO;35790000;MG;4417;38;7217878;;;38;7217878;;;
57872020;0002;50;2;;08;19890117;09;;;19880412;4774100;;RUA;VISC DE INHOMERIM;857;;MOOCA;08210040;SP;7107;;;;;;;;;
04729590;0004;91;2;;08;20020527;02;;;20011019;0113000;;FAZENDA;SAO JOSE;S/N;;DISTR.POTUNDUVA;17201970;SP;6607;014;6292000;;;014;6292002;fiscal@cosan.com.br;;
01339759;0004;09;2;ADONAI PARK;04;20190111;63;;;20010727;5223100;;RUA;MAXWELL;300;;VILA ISABEL;20541100;RJ;6001;;;;;;;;;
04707195;0002;46;2;;08;20041007;01;;;20030430;1066000;;RUA;DEZ WESTPHALEN;868;6 ANDAR SALA 603;REBOUCAS;80230100;PR;7535;;;;;;;;;
75990176;0003;07;2;TRANSPORTADORA VERDES CAMPOS;02;20050503;00;;;20050503;4930202;;RUA;WANDER BAMBIL PEIXOTO;1321;SALA  D;VILA  GUAPE;79990000;MS;9011;;;;;;;;;
57761991;0002;23;2;;08;20150929;01;;;20110927;4642701;;RUA;BARAO DE LADARIO;670;"ANDAR: 3º; LOJA: 372/373;";BRAS;03010000;SP;7107;11;26962100;;;;;CONT@TOYOSHIMAWEB.COM.BR;;
75990176;0005;60;2;;02;20071127;00;;;20071127;4930202;;RUA;RIGOBERTO ZANDONA;1576;SALA  02;SANTA LUZIA;89830000;SC;8001;49;34454404;;;;;DELTA-CONTABILIDADE@HOTMAIL.COM;;
02958002;0002;02;2;;08;20160822;01;;;19990312;6622300;;RUA;BARTOLOMEU DE GUSMAO;440;1.ANDAR - SALA 101;CENTRO;45020107;BA;3965;;;;;;;;;
75990176;0002;18;2;;08;19990527;01;;;19861112;4930201;;RUA;MATO GROSSO;15;SALA 04;;78600000;MT;9035;;;;;;;;;
76263755;0002;21;2;;02;20040710;00;;;19880725;4120400;4299501;AVENIDA;NUMERO DOIS;S/N;BR 277 KM 97;DIST INDUSTRIAL;84032455;PR;7777;;;;;;;;;
76263755;0003;02;2;;08;19890515;01;;;19880908;4120400;4299501;RUA;ARTUR DE AZEVEDO;1583;CONJ 12;PINHEIROS;05404014;SP;7107;;;;;;;;;
06881276;0002;93;2;;04;20181016;63;;;20061228;4687703;;RUA;REINALDO NOGUEIRA JORDAO;31;;JARDIM NOVA IPANEMA;18071019;SP;7145;15;32329401;;;;;lucimara-fiscal@dinietrevisan.com.br;;
75990176;0007;22;2;TRANSPORTADORA VERDES CAMPOS LTDA;02;20121025;00;;;20121025;4930202;;AVENIDA;PERIMETRAL;S/N;SALA  01;DISTRITO INDUSTRIAL;99490000;RS;8923;42;36243233;;;;;;;
02956165;0002;48;2;SHUNGKING;08;20200218;01;;;20130712;5611201;5620104,4723700;AVENIDA;SENADOR ALBERTO PASQUALINE;18;SALA  30;CENTRO;96820050;RS;8839;51;37158400;51;84230340;51;30563701;carmen@escritorioscheffer.com.br;;
